,0,1,2,train_loss,val_loss,train_loss_sd,val_loss_sd,ind_mini
0,0.0347,8,0.5427,7.182065255871184,6.2901161932945255,1.640434941786102,1.3615924153670482,20.709747815365542
1,0.0796,2,0.0,7.650157835115941,6.503582029342652,1.0172428413594692,1.7609254557833949,22.69871883660732
2,0.0694,32,0.6683,7.693148159299579,5.610668225288391,2.328667277455616,1.4473336720648884,16.78718634627681
3,0.0592,64,0.7638,8.221740827560424,8.48305585384369,4.424145081585253,2.993200239466287,40.46074214648636
4,0.0816,4,0.9146,10.04381321712755,6.895117754936218,1.6174315516730278,1.6945678902124783,25.207104594487923
5,0.0531,16,0.8945,8.540815866910494,7.06447172164917,1.6607736956630803,1.324815107066022,25.83094788694557
6,0.051,64,0.5075,7.752475739121437,5.455083618164062,3.871341265803257,2.3257106291789644,17.583433605918966
7,0.1,32,0.7286,8.331127122470312,10.633017601966857,2.5596528776946745,1.772262100845067,58.100988138914396
8,0.0408,2,0.0,5.404239258378645,9.295856084823608,0.9416270211627173,3.8795215979708684,50.73181408943727
9,0.0122,8,0.2563,6.114668474013987,5.472030682563782,2.1275017427930134,1.30295177646215,15.820401561352659
10,0.0939,16,0.4171,7.511670699211268,5.366759912967682,1.4689561902237556,1.6519776745313721,15.765571100293482
11,0.0714,16,0.9347,8.953918522871456,5.32841325044632,2.574728136435774,1.5479959360542013,15.39413959278612
12,0.0388,64,0.201,6.773194623589515,6.455930652618409,3.213692627208117,1.4154270000813827,21.841237091988667
13,0.0163,32,0.8442,7.989125202723915,5.207065854072571,3.906897011977525,1.772162777250186,15.127047858859802
14,0.0694,8,0.9899,8.478900592304193,6.09871467590332,1.0196678038616662,1.2846693278777064,19.42234799003415
15,0.0531,8,0.5276,7.289508221218219,5.960519189834595,1.2274618684941903,1.3803989971089754,18.71664520180296
16,0.0694,4,0.6683,8.784471392900898,9.246119713783264,1.150177888831041,2.5186520943515354,45.917169066996436
17,0.0551,32,0.0653,5.6211621330465595,8.030546379089355,2.469526524220389,2.3886151286265616,35.09757868970442
18,0.0102,4,0.5075,7.256131683301467,6.351071617603302,1.4049246106690816,1.1541205492819164,20.83405246710051
19,0.0,32,0.0251,39.449328639166694,18.981140117645264,0.941097267763645,7.861886537752131e-07,180.14184008284155
20,0.0102,64,0.9146,10.503272563815116,8.370143404006958,8.18447423088592,3.009536030616725,39.55830386161073
21,0.0347,4,0.7035,7.709479828921075,6.204806337356567,1.062477932154563,1.5503916362580352,20.451667954939545
22,0.0735,8,0.1558,6.4286129374228995,9.42160650253296,1.1625869697863582,2.4751626459089247,47.44654960613711
23,0.0143,64,0.8945,9.492058983445167,6.960812602043152,6.364806505342955,2.999245986979191,28.72419428558677
24,0.0653,16,0.0402,5.345467240810394,10.185447719097137,1.4754153466660105,4.396681432832072,61.53707643013568
25,0.0061,64,0.4221,8.897039519548416,5.455665349960327,6.034467689655008,2.3573662797061217,17.66073009372661
26,0.0367,8,0.0302,4.991439441969761,8.123597271442414,1.3990182587504236,3.0888928305694683,37.767045773665046
27,0.0592,32,0.9899,8.24089168242046,6.071372051239013,2.6517026817816705,1.3852971353600374,19.390303368901474
28,0.0082,2,0.1106,5.422206597635881,5.750239613056183,1.2171583784503048,1.523027980420822,17.692434918352625
29,0.0878,2,0.8744,11.379131194549757,8.204565510749816,1.7447668203667894,2.304680583318826,36.313223905656095
30,0.0204,8,0.5779,7.219769111917571,6.498639507293701,1.825828641137767,1.7865388014777492,22.712018167472035
31,0.0571,8,0.6884,8.41870069978329,7.755832171440124,1.2414486137297807,1.8657439450449151,31.8169665700087
32,0.0633,2,0.7739,9.238318335479125,7.038521070480346,1.033314972572837,2.090803064403341,26.956118156857098
33,0.0224,32,0.7789,8.113219245842526,11.103402042388916,3.62569113750857,3.629914836497496,68.2309093175755
34,0.051,2,0.2613,7.079795419119586,6.895030999183655,1.1750359813023574,2.4865842435437697,26.862276839971848
35,0.0245,2,0.201,5.914459288482724,8.116669199466706,0.7773595038316343,3.144589671781312,37.8843815487226
36,0.0918,4,0.799,10.020310653786247,7.994473724365235,1.7226610249156367,2.652976993193802,35.47494852799088
37,0.0286,64,0.0603,5.6133201992511745,9.653228220939637,4.210280593446572,2.0529853993779947,48.699782067802325
38,0.0306,8,0.8342,8.1278553295594,6.838266432285309,1.469542468656443,1.5556666140668245,24.59099320652109
39,0.0571,16,0.3216,6.393487373407071,7.033712339401245,1.5855208095532158,2.0910819332088337,26.922866462418867
40,0.0612,8,0.2211,7.164009333917728,5.815891635417938,1.0369986671615776,1.5931092166369991,18.181296245529047
41,0.0061,8,0.6633,7.600054967655588,5.02516613483429,4.081284888977314,1.3923607183082434,13.595481526286623
42,0.0408,2,0.9095,8.560587552524744,7.048399977684021,1.0524281760182905,1.8067288206656604,26.472105638420015
43,0.0286,2,0.5628,7.6282758823359975,6.4966077709198,1.3235332760629863,1.9538086685411375,23.011640421221013
44,0.0286,64,0.7839,8.269506375789643,5.4101763391494755,4.096596125956341,1.5526220730434672,15.840321661197308
45,0.049,32,0.6131,7.706687063489641,5.486968684196472,3.0913969762912608,3.585000627656685,21.479527420825793
46,0.0286,16,0.799,7.858750888017508,5.54976948261261,1.7898575466219249,1.098956914494049,16.003823805026258
47,0.0367,32,0.2563,6.007200406960078,5.931276292800903,2.4687492655340213,1.1919096930141875,18.3003435889216
48,0.0714,8,0.6281,7.746344248790006,6.457986319065094,1.4330695707191756,1.9265493382725534,22.70858982501517
49,0.0469,16,0.8492,8.55200035572052,7.234470963478088,1.7805150875668212,1.8535344500208615,27.88658003941086
50,0.0735,2,0.8945,10.454689687596488,8.538688793182374,1.3083125358040373,2.7929043913015343,40.354760622884825
51,0.0408,4,0.3166,6.648466027545242,6.699656667709351,0.8282227598193884,2.1606712382497397,24.776949832491017
52,0.0388,8,0.7236,8.108372323100383,7.21865002155304,1.104265255662214,1.7242573632394675,27.54098579417661
53,0.0286,2,0.9749,8.359348402545663,5.650460753440857,1.0067561074675178,1.3269623338698537,16.844267880842374
54,0.098,16,0.0201,5.681345922534283,8.701473774909973,1.1402607660912367,2.96799114040647,42.262308632488654
55,0.0816,8,0.6231,8.014319321650724,6.72577202796936,1.4058522497002381,1.7228691252919883,24.10214369754973
56,0.0469,2,0.7588,8.268021891888658,6.3994577121734615,0.9326570543247494,1.9933732708770877,22.463298003471806
57,0.0959,16,0.1357,5.709528252711663,6.799790990352631,1.2333448004546816,2.4188323351509,26.043953689026186
58,0.0143,4,0.3769,6.399822852227552,6.033305308818817,1.0029840130021443,1.6309114427806524,19.530322541807095
59,0.0245,4,0.7789,7.925675736866317,6.323988428115845,1.4817329729738955,1.6419519593749676,21.344417937919204
60,0.0551,64,0.0151,5.181475604474545,6.353672339916229,2.6590179668559637,2.0761132938178672,22.33969930589192
61,0.0429,16,0.5075,6.954855534021672,6.690738673210144,1.6086459723259328,1.5291159150844853,23.552089737477253
62,0.0551,8,0.9849,8.346192363477671,6.360849266052246,0.8927217521584685,1.5609747276921722,21.448522742965523
63,0.0714,8,0.9397,8.6133117715212,6.078571937084198,1.4713438743857283,1.2903654012497503,19.307039831524985
64,0.0102,16,0.9799,8.716659811826851,5.662841157913208,4.316499628093823,2.112714977186856,18.265667277292728
65,0.098,8,0.2714,6.708722082834978,7.25085147857666,1.020716509555115,2.3607604969921057,29.074018644267877
66,0.0367,64,0.5628,8.008425168991089,7.692769966125488,4.257152239096695,1.8528879539178797,31.305951760748165
67,0.0878,8,0.8593,9.336218915490003,6.52072128534317,1.1791844009105725,1.6497853661978463,22.620798917824025
68,0.0653,16,0.1709,6.446466318919108,9.31039936542511,1.5119534911974903,3.040935795347267,47.96541342756629
69,0.0612,32,0.5176,7.606101027556829,6.693561139106751,2.439669931245677,1.5750230725440588,23.642229201003097
70,0.0633,8,0.8945,8.61307255485883,6.812206363677978,1.6765979351723803,1.8134161306150856,24.847316802054866
71,0.0306,4,0.8342,8.554061736481694,7.5492242288589475,0.9534100934286224,1.4738159548243894,29.581459963142947
72,0.0796,32,0.3719,6.674526875359671,5.918750259876251,2.428645763910789,2.2807403295740896,20.11669054486546
73,0.0245,4,0.2462,6.1041501163977845,7.718446502685547,1.0908381662179778,2.7302102026617963,33.51423208276866
74,0.0592,2,0.4121,8.51948873232477,7.004464204311371,1.3961623933860818,2.3707371113255755,27.341456620247833
75,0.0592,4,0.7688,8.348271801878628,6.544882102012634,1.515888579511072,1.7852994978984709,23.011388013220923
76,0.0,64,0.0955,39.94772491931915,19.36073606491089,2.6700265909515237,9.380975820432997e-07,187.419050487571
77,0.0939,64,0.9246,8.376252661943436,6.2009561824798585,3.1152433726581115,1.5099367728658555,20.365883317543865
78,0.0184,64,0.1859,6.742308089733124,6.976117482185364,3.6535677694480024,2.1289724505033583,26.59936941012727
79,0.0918,16,0.5477,8.291322228358341,6.024374980926513,1.3742502957114455,1.6223533521803035,19.462562155071996
80,0.0735,16,0.6734,8.256093877095442,7.921114292144775,1.530241737122368,1.9694440846402868,33.31138081587242
81,0.0224,32,0.794,8.083620952878679,6.012759413719177,3.3218713091416436,1.0064421254765856,18.583100759601205
82,0.0429,32,0.3467,6.793363919258118,5.973128061294556,2.5149597188375123,1.2137603181170868,18.57573647323008
83,0.0694,2,0.5025,9.099261178405992,6.874521808624268,1.0221075676317237,2.0840084505070853,25.80107065951781
84,0.0816,32,0.9799,9.00994900567191,8.831736512184143,2.8696205285719003,2.945106218284331,43.336610228811786
85,0.0306,4,0.5879,7.999278574247772,9.341942582130432,0.8956894079439285,1.9707750146184444,45.57792268303307
86,0.0082,4,0.4422,7.305624650424488,6.663306221961975,1.326996851003223,1.3346169532346015,23.090426109749192
87,0.0837,16,0.5578,8.32820997421558,6.054021296501159,1.6304736685499703,1.5493721222055177,19.525863915778604
88,0.0898,2,0.7839,10.700049360114003,8.882193613052369,1.3904992389153505,3.161230434652122,44.443370620359566
89,0.0592,32,0.6332,7.8482505811963765,7.115851054191589,2.281736913573025,1.5099838538366304,26.457693732143436
90,0.0571,64,0.2714,6.65351182281971,5.920039548873901,2.5779289811852304,1.323321899062055,18.39902455438415
91,0.0837,64,0.794,8.838346158862114,5.841222126483917,3.9245353263662075,4.224752383385569,25.98420431592367
92,0.0122,8,0.3116,6.189938662923299,6.717912163734436,1.5670652392795186,1.4147156521901805,23.56588210810149
93,0.0367,8,0.6784,7.607263167477572,6.221581859588623,1.4684575023289075,1.2690811913377051,20.15932395288468
94,0.0,64,0.1005,43.57574226379395,21.61165283203125,2.7469363803341555,9.390665912697732e-07,233.53176906612265
95,0.0714,4,0.1558,6.255985492003651,6.915812101364136,0.9210658589291001,2.591934268256109,27.273290136167475
96,0.0306,16,0.402,6.694561961155672,6.592761812210083,2.5065993708384986,2.652239984474187,25.249442623889603
97,0.098,8,0.8894,9.038015098480077,10.498810510635376,2.088021667625934,2.310323077478101,57.78130743027787
98,0.0449,16,0.9799,8.392648513408808,7.154746460914612,2.7971492279689483,1.9893478234930306,27.57395084140331
99,0.0837,8,0.0251,5.561958914995193,6.939603374004364,1.403606515360097,2.936892988559045,28.391717707370017
100,0.0224,32,0.2462,6.04888564654759,5.622731885910034,4.323917571222906,1.982428422411883,17.77256815540794
101,0.0163,2,0.9598,8.61637149722996,8.155234751701355,1.306501229587854,1.5547922862580075,34.462616454382434
102,0.0714,2,0.8342,9.509523360596683,8.682728147506714,1.6351741531813044,3.0060126813985937,42.21294016211726
103,0.0673,4,0.9447,8.724161167459991,6.852663960456848,1.1242472512762547,1.908492354279821,25.30067321064433
104,0.0592,32,0.9598,8.580152277605876,5.922211017608642,2.912243089242984,2.0032954013714828,19.54288790112066
105,0.098,2,0.6784,11.210562908558462,8.484541845321655,1.580857951453863,2.0204673456776305,38.0348693099819
106,0.0082,2,0.1156,5.6374219051092105,9.389188346862793,0.957767675130801,2.1717388773545094,46.43665378213855
107,0.0571,2,0.9045,9.197301893073062,7.499566745758057,1.024504740142842,2.386149527232814,30.968605470196735
108,0.0633,64,0.6131,7.777789332270622,8.545657720565796,4.014665766313371,3.0531201349511825,41.174904217755056
109,0.0408,2,0.7538,8.186406507396427,6.505464010238647,0.9505958107323585,1.6109324935060658,22.458082743571985
110,0.0898,64,0.3467,6.932831407785415,6.070759177207947,2.814224069471769,2.698052590565705,22.06680238455641
111,0.0612,16,0.2764,6.540421106815339,9.500159058570862,2.1166897325713805,3.132161613366181,50.03172925519532
112,0.0592,8,0.7638,8.591327070181187,5.783684725761414,1.3257118045667025,1.1780727922395142,17.41943225541044
113,0.002,4,0.7538,8.086308698424926,6.171779074668884,3.3114362305636384,1.2618053999185268,19.84150490689213
114,0.0122,64,0.5126,8.959658366441726,5.887434434890747,7.370778521800165,2.9235287745855034,21.604452360483375
115,0.0612,64,0.4774,7.305142157673836,7.979276747703552,2.6866059112005067,2.4457377563074036,34.82524529453507
116,0.002,64,0.9095,16.52086311995983,10.34920732498169,14.505285231929161,6.532092228411813,74.88716056796633
117,0.0939,16,0.804,8.291390467790455,6.317206363677979,2.3050235242725368,1.9686960839626642,21.89143025615174
118,0.0367,8,0.0452,5.452865428190965,6.545588462352753,1.731079378812882,2.3119147671723286,24.09483910457748
119,0.0959,4,0.9196,10.640115508941506,8.93198405265808,1.5427896073073073,2.6256597983011387,43.337214246676524
120,0.0102,16,0.4975,7.471518381008735,5.852889614105225,2.8043800887722194,0.994964558612985,17.62313565389837
121,0.0878,16,0.9196,8.74141841319891,6.4013489151000975,2.23138804483175,1.5980791944242385,21.76556252225241
122,0.0653,2,0.0452,6.073535069221667,11.370724868774413,0.7380533387098369,5.727180299605319,81.04698911277609
123,0.0184,64,0.794,9.046180091500283,5.585615019798279,5.599299676055552,1.9052552645158072,17.414546386180664
124,0.0735,32,0.4824,7.332156092439378,6.818521304130554,2.203553478500676,1.2959519384357179,24.085862100808765
125,0.0347,32,0.2965,6.6310948715891165,5.235636591911316,2.7140176346578984,2.1569152861030654,16.032087036992905
126,0.0041,16,0.9397,9.321315884681846,5.800434074401855,5.786818628064235,2.270798039595901,19.400779594057347
127,0.002,8,0.5729,8.02042624164086,5.394299988746643,5.729402426066536,2.2840101903803554,17.157587459176668
128,0.0735,64,0.8492,8.836332516670227,5.590439293384552,3.1886766755652745,1.8185177574356401,17.28000916356336
129,0.0571,64,0.9899,9.144798144102097,5.914270882606506,3.3772806766530152,2.0316796972741544,19.553161232581573
130,0.0143,64,0.5829,8.684638599753379,5.960815463066101,6.601995129345672,3.8141684383528784,25.03960093042759
131,0.0204,64,0.9347,9.082050198316574,5.3820873904228215,6.310054009083609,3.1540940340233607,19.457586926805046
132,0.0449,4,0.5427,7.9970787441214695,6.112055377960205,1.0036172741580849,1.4335404290441038,19.70612955247811
133,0.0,64,0.4372,47.893094844818116,23.961249408721923,2.8957400699621783,1.6508209849624529e-06,287.0707366134897
134,0.049,8,0.005,5.518724012718751,6.605046923160553,0.8223234003691817,1.6174377447981425,23.121374857725197
135,0.0327,16,0.3216,6.496596069794436,5.762847032546997,1.6740183794476415,1.334398254604773,17.495512311213997
136,0.0163,32,0.402,7.342829916647503,5.913077220916748,4.045660066280345,1.2184594700817406,18.224562850378206
137,0.0163,8,0.005,4.95534493417694,7.976778113842011,1.3937185833928714,2.255651824993934,34.358477116533685
138,0.0347,4,0.3065,7.135537703639037,5.830145204067231,0.8753226735850091,1.6797151216876858,18.406017995267202
139,0.0449,16,0.0,5.274949792944468,8.36295928478241,1.7389753724603603,1.964549657292622,36.89927167744843
140,0.0633,4,0.2161,7.025713247204058,8.120362787246703,0.982024763151267,2.747511440368774,36.74455545572918
141,0.0061,4,0.3467,6.148539102974419,11.557161564826965,1.765905758308923,4.46261299362422,76.74144908318868
142,0.098,16,0.206,6.118875838151343,8.428112075328826,1.3339753007585697,2.4492157823378315,38.51586555137815
143,0.0367,16,0.4774,7.221239404036449,5.80206109046936,1.547150565344332,0.8684321335046968,17.20904363402101
144,0.0592,4,0.9296,8.755085992446313,7.435152316093445,1.2827147988107495,1.991103247330971,29.62299105252083
145,0.0571,16,0.6985,8.083198607426423,6.600248470306396,2.101077382644822,1.315257438906785,22.646591000190778
146,0.0306,32,0.995,9.001069559029172,7.438748936653138,4.1834892107919375,2.3083902848188047,30.331825724802016
147,0.0531,2,0.7186,9.117115040585183,8.463896584510803,1.2003722937046546,2.8477917821931515,39.87373171401024
148,0.0122,8,0.8543,8.133498599391716,6.62010618686676,2.166634908985074,1.3064221552666306,22.766272386581534
149,0.0204,4,0.5126,7.022923515639626,6.464387679100037,1.288852946386154,1.6775048350852277,22.30116526871734
150,0.098,2,0.8291,11.874977568344644,10.31921820640564,1.716493360672649,2.5496363931787585,56.49345506441762
151,0.0327,16,0.402,6.762261842397544,8.79284869670868,1.8970085984786385,3.1468384619923273,43.60839025454288
152,0.0633,8,0.2111,6.735204654244276,8.961753590106964,1.5838515706387082,2.732349422525562,43.88938038828541
153,0.0204,32,0.2412,6.507482053382056,7.111880803108216,3.5656262093695514,1.4747860683827212,26.376921252557462
154,0.0653,32,0.9548,8.90188171829496,5.596098127365113,3.319127840798996,1.7071869558588613,17.115400776676985
155,0.0286,8,0.6583,7.8883033157311955,6.634109964370728,1.7166138884358795,1.4657666898329806,23.079943504193455
156,0.0816,16,0.8191,8.32907333447383,6.17031201839447,1.2269190757278685,1.4279341921430277,20.0558732307172
157,0.0082,8,0.3417,6.696649004220964,5.582429692745209,2.072052511281147,0.781463510496507,15.887103246340446
158,0.0347,16,0.8693,8.287840391030679,5.910509414672852,2.1894269270123625,1.0300019006186225,17.997512728107196
159,0.0061,8,0.9045,8.555664696234924,5.475275053977966,4.6396719917362645,2.159161634941358,17.32030794125803
160,0.1,32,0.1005,5.98363862991333,6.6429679226875304,1.790898662139631,2.0147060615484604,24.094031668147796
161,0.0837,64,0.0151,5.525065114200115,7.914191048145295,2.593971587280692,2.667714096225561,34.87555922287184
162,0.0102,8,0.1357,5.451393391272197,5.272527403831482,1.6150231175674228,1.1373273702457045,14.54652938563198
163,0.0388,8,0.8744,8.002713553653313,6.7709531450271605,1.687841493909167,1.5733586767334748,24.16063200890285
164,0.0551,16,0.5176,7.125076815806901,6.381502299308777,1.8211699056289206,1.7346147096297568,21.86622989347357
165,0.0041,4,0.6734,7.8076683638072915,5.549247965812683,2.9084886697493073,1.146682626633789,16.054517016149987
166,0.0531,8,0.2864,7.390114923749979,5.619423925876617,1.372211752420861,1.2771403569886632,16.604506375081854
167,0.0388,64,0.3116,6.555250512957573,5.364790828227997,3.937775049442985,2.1184672572579464,16.63444207535662
168,0.0429,4,0.3719,7.2927700530909565,8.222127170562745,1.0521331580397628,2.3747469631623206,36.621399173977395
169,0.0959,2,0.6231,10.59877891422142,8.063347520828247,1.819648195698335,2.6719118906735253,36.0783431965848
170,0.0245,8,0.8794,8.136988490751156,5.850757858753204,1.8061203871394511,1.0914426326645228,17.71130727108002
171,0.0224,32,0.5779,7.650929025581905,6.859610199928284,3.640761502457497,1.972665953949975,25.472831530416755
172,0.0694,2,0.809,10.103813588664366,8.420841436386109,1.3965191421593721,2.924913691876031,39.732845300840566
173,0.0959,16,0.8392,8.700868093325541,7.88312162399292,1.900286874644215,2.6298198550842677,34.5297795044301
174,0.0571,32,0.1106,5.936281233515057,5.632348244190216,2.1010765965321414,1.750660957878287,17.394080266635964
175,0.0469,32,0.2513,6.435552932875497,5.751288180351257,2.1391013297100483,1.5909760025387913,17.80426018705119
176,0.0612,4,0.7186,9.027948780162978,6.284709692001343,1.0071727558212467,1.2994432826082494,20.593064378725657
177,0.0694,64,0.9246,9.088793380856513,7.186896924972534,3.83970863487395,2.487201006216755,28.918828127752654
178,0.0347,16,0.206,6.019712809140865,7.254645974636078,1.2867596952358162,1.7202514849148676,27.794576694327628
179,0.0633,4,0.6784,8.260133298864732,6.735131940841675,1.4692673863097707,1.7544254567816007,24.220005471974535
180,0.0122,2,0.0101,5.430379512339669,8.895931396484375,0.8041827344346577,2.0792013242693543,41.73033677889995
181,0.0306,64,0.6231,8.358389201164245,7.117714276313782,4.128936660089792,1.964411110336591,27.260383764827434
182,0.0163,64,0.1005,6.223355533480644,8.849598460197448,5.014103654663071,2.281159772868448,41.75954140804114
183,0.0449,4,0.1407,5.950635730741688,9.881732609272003,1.3968444987976933,3.237633703550946,54.06545567975934
184,0.0918,8,0.5729,8.276090898559644,8.432872939109803,1.5022361626908811,2.1290075359636367,37.82300954768018
185,0.0735,64,0.593,8.222203781306744,5.60463294506073,3.8990596687744286,1.3327390502888354,16.594051912512448
186,0.0592,64,0.3668,6.767788015604019,5.683451075553894,3.328885008781357,1.708675679361475,17.610594352728054
187,0.0714,64,0.4874,7.146775175929069,6.829682989120483,2.764670959331322,2.6832016436079313,26.922070396071003
188,0.0469,32,0.5628,7.805683838639941,6.36376392364502,2.7972688994717285,3.096934352253427,25.044246829026605
189,0.0612,64,0.5377,7.599061683416367,5.670928108692169,2.805090234801418,1.7812822989252723,17.666196121209722
190,0.0776,32,0.1156,6.054367194516318,7.58105320930481,2.286462896151358,1.9928447117019827,30.721898903634656
191,0.0735,2,0.6784,11.382870495866696,9.833906626701355,2.954187064064797,3.0492182611536967,53.00172577341699
192,0.0429,2,0.8342,9.452408607489646,6.089804773330688,0.9578750769407344,1.0821786336971972,19.12841638625598
193,0.0551,64,0.804,8.768980805873872,5.854764707088471,3.962970980028345,1.317650006400129,18.007235657367506
194,0.0918,4,0.5578,8.279940109562414,7.183393816947937,1.4627395495102506,2.5129657919195196,28.95807190036178
195,0.0694,16,0.8744,8.5960651578353,6.903614010810852,1.9895150996451725,1.289233812355422,24.661005116592193
196,0.0653,8,0.5779,7.455928949851255,6.536969184875488,1.0028452478325738,1.848683165128645,23.074797784520886
197,0.0796,32,0.7889,7.924927086489541,6.3372331237792965,2.728537435619519,1.8196905149856704,21.73589861772716
198,0.0837,8,0.1809,6.420839663789823,9.257964570522308,1.3984985000621073,3.8347413434492057,50.20757458010246
199,0.0857,16,0.7638,8.50129512456747,7.221592411994934,1.9849706951111137,1.7906742484548697,27.678955614531112
200,0.1,16,0.9196,8.356739596770359,8.022854957580567,1.9008254066768784,2.0434304526635882,34.270904842624
201,0.0367,32,0.5829,7.810052726609366,5.890023989677429,2.905885762148237,1.7767656083826415,18.92463931305348
202,0.0653,4,0.8241,8.39802711164149,6.361464796066284,1.1204969872150918,1.549171898991782,21.434083962108225
203,0.0694,16,0.2211,6.392248856196038,6.78750693321228,1.0333761502657302,1.4570260794821126,24.0965876823479
204,0.0163,4,0.9799,8.111577198889393,5.954433841705322,1.3367308896633405,1.4268272967046816,18.745559254933596
205,0.0796,8,0.3417,6.782951461558159,7.310640523433685,1.1343752412513721,2.29084200454334,29.346710976325447
206,0.049,4,0.598,8.149849189519882,6.677139177322387,0.9159619359969328,1.5207088233453505,23.448371459366946
207,0.0959,8,0.1809,6.429030469197494,8.33794026374817,1.6422575906425685,3.0977416893764835,39.55862570796699
208,0.0265,4,0.7035,8.000326410623698,5.848370599746704,1.116021342900891,1.274378719853908,17.913739896799054
209,0.0612,4,0.6181,8.511489915188688,7.194945473670959,2.6039826610875068,1.963978346320241,27.812225656956503
210,0.0408,4,0.7286,8.41567816847219,8.128570203781129,0.9200267399131861,3.4390199986675176,38.95025605451676
211,0.0735,32,0.1457,6.006321709326334,8.12331439256668,1.1954767482105233,2.5793810963319217,36.32072178029772
212,0.049,2,0.5276,8.672838579215323,6.5111635041236875,0.9094004217304554,2.267542116026482,23.76849871269306
213,0.0082,64,0.1859,7.852191440463066,5.46580057144165,6.298024399009349,2.546066942765795,18.178716381908316
214,0.0163,16,0.8844,8.634111241835814,5.88581799030304,3.688711291052913,1.645708769509169,18.67560538450715
215,0.0204,4,0.7739,8.020603212049375,6.593257288932801,1.5469142536067193,1.0054189478438964,22.240954469374515
216,0.0694,64,0.6231,7.717569698095321,6.486327605247498,2.728828293171742,2.4954573494148455,24.14987659267215
217,0.0163,32,0.0251,5.314844583443232,7.875574989318848,3.495900760875463,0.9692589381429215,31.482072150777256
218,0.0347,32,0.6834,7.966350208691186,8.046360774040222,3.651251457949491,2.293053957614161,35.00100907927157
219,0.0918,2,0.1106,9.408813234584388,7.732822589874267,0.6486645825711328,1.9406614445097254,31.781356024338173
220,0.0796,2,0.6482,9.444166223420762,9.303155488967896,0.9742443720763371,3.140274836302518,48.20501404971415
221,0.0367,8,0.3819,6.80723032777126,8.835627117156982,1.387071924890427,2.005513795240348,41.045196068169574
222,0.0735,8,0.3618,6.958964583713274,6.758519878387451,1.4908029447823221,3.1407030152448328,27.77080318826316
223,0.0755,4,0.8392,8.791336600820603,7.0934392881393435,1.2139577471359713,1.9750207370034902,27.108793923056304
224,0.0776,64,0.8593,8.070705014765263,6.506451067924499,3.638597347191335,2.1773999065125316,23.537487926088318
225,0.0959,2,0.8342,13.259960096131005,10.458077201843262,1.3554855834851955,2.5203654872424766,57.86181047449839
226,0.0776,8,0.392,7.225145309842551,6.714328644275665,1.7848760799721275,2.007551680162342,24.556236445931667
227,0.0286,2,0.8995,8.277438471130221,6.605870258808136,0.768356651965982,1.6522922913945484,23.18379584620386
228,0.0959,8,0.2563,6.624133409628501,6.989842708110809,1.6386292135497178,2.5451939914791772,27.667956769195783
229,0.0857,32,0.7437,7.998767738342284,6.002853181362152,3.0786121108475966,2.6792363174146816,21.606276780771747
230,0.0265,2,0.4623,7.668174379712792,7.618485612869263,0.7635882112940933,1.7856600588428486,30.614952439621295
231,0.0571,16,0.0804,5.632478805230214,6.227589702606201,1.7244135272735643,2.1713471792962205,21.74881103852222
232,0.0306,32,0.6884,7.6189687415531715,7.991465172767639,3.686122688563964,1.9621602021384463,33.85679413320705
233,0.0959,2,0.402,10.262855421249897,8.244503917694091,1.2860033075904802,1.7928522063807282,35.59308194139873
234,0.0898,2,0.2663,10.182612000989296,8.743200073242187,1.2462354803414266,2.2564223131584153,40.76749458803068
235,0.049,8,0.6281,7.505702605018249,6.0531674671173095,1.2247942822240359,1.5785112283431955,19.566267041486466
236,0.0102,32,0.0955,6.11447416118213,6.615845837593079,4.366685527198721,1.8395439590442804,23.576669062026987
237,0.0592,2,0.4724,8.845900148339569,6.824519958496094,1.0944371355436235,1.8123392951925172,24.929323192405217
238,0.0796,32,0.0503,5.693395814044135,7.409114940166473,1.6242132019693656,2.788865670421745,31.336377962127486
239,0.0755,64,0.7085,8.878356927633286,8.634181933403015,3.46268197571903,2.8708597040293093,41.39546654966114
240,0.0898,4,0.0905,6.1414838802270015,9.688427741527557,0.949073049289793,4.323614291670335,56.27963632296836
241,0.0367,4,0.5126,7.645468981420764,8.347035517692566,0.8243472836187834,2.645687430431213,38.33633195658146
242,0.0469,32,0.3769,7.33343962439469,9.203838577270508,3.147101360844611,2.1524691512938237,44.67188400186218
243,0.0449,4,0.0704,6.154091454340288,8.908418009281158,0.7624404891376402,2.609115729494586,43.08369815899047
244,0.0959,64,0.2211,7.170625033974647,5.810866372585297,2.59652466797377,2.006212411637963,18.895528120326407
245,0.0878,16,0.7236,8.456474027083472,5.620236191749573,1.6290713129041137,2.1316183267949818,18.06542577108999
246,0.0286,2,0.1357,6.47942347725316,9.06025771856308,1.2808430332741216,2.8332133864190583,45.057684009883
247,0.002,32,0.8392,15.783008439540861,11.806111731529235,13.734116539605138,6.267797109473815,89.33477741144027
248,0.0245,16,0.6633,8.05024213396586,6.430534467697144,3.588902782078095,1.9067536108013725,22.493741436272533
249,0.0245,2,0.0754,5.939139374753711,5.300744724273682,1.0075419957781362,1.5138410085841332,15.194804615593148
250,0.002,8,0.2764,7.265804330362722,5.754787726402283,4.872430644761454,1.5925650168093601,17.826922554357676
251,0.098,16,0.6583,7.8096052623712096,6.271095805168152,1.8235748594080468,1.4964211556633558,20.78295943635722
252,0.0612,2,0.9548,9.10343967424625,6.201638512611389,0.9814841387730266,1.7441934800775554,20.75126556852493
253,0.0837,64,0.1759,6.475704023241997,6.665751419067383,2.6358484362237316,2.5564198228125012,25.483762145633765
254,0.0347,64,0.9347,8.778126950860024,6.033066606521606,4.188875479464324,2.1221997323152704,20.450812191282566
255,0.0061,32,0.4121,8.416695860794613,6.4965262651443485,7.048678996184381,2.9420389826461464,25.430223444559974
256,0.0245,64,0.7538,8.6154558634758,5.310066528320313,3.941449056526788,1.6948221385998194,15.534614308337902
257,0.0776,64,0.0854,6.050386518239975,9.313915557861328,3.082117939619928,2.3656385072218526,46.17263428291107
258,0.0735,8,0.407,7.1760171729097,8.086874582767486,1.2437764381125813,2.956823495572598,37.07017285069048
259,0.0959,2,0.5628,10.498655441285184,7.680738701820373,1.6471582749729106,2.2353327516131984,31.995229758037972
260,0.0694,4,0.4422,8.17553572780811,6.633480906486511,1.2083724391099464,1.8821615238934999,23.772800469373106
261,0.0939,2,0.9899,12.4526622183492,10.707808651924132,0.8896433391861807,2.8800478934065015,61.47592099726827
262,0.0082,4,0.0402,4.619432536271902,12.594140355587006,1.7422080295300901,5.0964695178269945,92.29318642118247
263,0.0061,32,0.603,8.330278500488825,5.670079092979432,4.981930599057243,1.7246687272990442,17.56213956978288
264,0.0367,2,0.0101,5.217923318152226,7.243409330844879,1.0942196951410643,2.6618259671208038,29.776148106704632
265,0.0163,32,0.2161,6.3241503735951,7.097711100578308,3.5894225414972905,1.6920397240222458,26.620250647470904
266,0.0327,32,0.6985,8.067340592997414,8.384327011108399,4.104573026656955,2.825813102688225,39.14107956026317
267,0.0367,32,0.9196,8.670523230348314,6.923659806251526,3.1745783676148966,2.350464279601753,26.73087372119335
268,0.0673,8,0.5427,7.578198383221259,6.327621598243713,2.1134057294975284,2.0314528269093324,22.08279783925912
269,0.0694,8,0.1005,5.638931079151539,8.855313603878022,1.442761527028125,3.791039413982534,46.394279430698106
270,0.0327,16,0.3618,6.572402233618956,6.802709991931915,2.3886928896856356,1.8731557894663875,24.892787922970882
271,0.0531,32,0.7035,8.401345656599318,6.678411440849304,2.806606281257691,4.029645336260201,30.419610454655235
272,0.0143,8,0.2462,5.995767868321675,5.198619532585144,2.1207932235953697,1.2056175965966929,14.239579416899682
273,0.0163,64,0.6231,8.246486783623695,8.438180284500122,5.153591598512069,2.53122775452516,38.805000229502525
274,0.0714,32,0.4673,6.775042071342468,6.002597091197967,1.8649715853184,1.366167106921299,18.948792201646004
275,0.0327,4,0.995,8.99107284161334,7.667542142868042,1.2247097141411758,1.625070821575391,30.71602884389658
276,0.0796,16,0.5528,7.830744423316076,6.959425268173217,2.163562272850811,1.9873257934190245,26.191531936238206
277,0.0714,16,0.1206,5.96918636762179,7.129339237213134,1.124939394967012,1.8762291954034114,27.173856976475445
278,0.0184,32,0.8442,8.402495684623718,7.991806392669678,4.190960060248088,2.193313976710521,34.339797809174826
279,0.0571,8,0.9749,8.447352791199316,6.855093340873719,1.5534950813600492,1.7256829653762387,24.985143204540467
280,0.0816,64,0.191,6.562742110192776,9.677590939998627,2.8875123206662408,4.345368564734017,56.26899718266104
281,0.0429,16,0.3819,6.970761369283383,5.530348587036133,1.4713748156189723,1.8294131847434165,16.9657540473228
282,0.0143,4,0.2111,6.196369683476023,6.878554077148437,1.163224249209357,1.5045536021217338,24.789093866956435
283,0.1,32,0.9749,8.398405176912036,6.06424545288086,2.3571179829348283,1.1998212660603336,19.1073219916384
284,0.0306,4,0.191,5.860445876670285,7.29887173652649,1.032509417851613,2.316343443952573,29.319487788303643
285,0.0939,8,0.6382,8.6418895893372,7.058046171665191,1.8799450779378966,2.123737409483863,27.163138172899444
286,0.0224,32,0.9799,8.273245918750764,5.166635656356812,3.7367055436946393,1.618022549684204,14.656060488412079
287,0.0306,4,0.2211,6.139299975043306,6.586225385665894,1.2006761622606785,2.0599895232372525,23.810960833318546
288,0.0388,4,0.1206,6.430470900647343,6.460459794998169,1.1718645280181361,1.691875522749354,22.29999177363309
289,0.0061,32,0.2663,7.310059417315891,5.4609099292755126,5.753450979881055,2.6781857795778965,18.497108162796575
290,0.0714,64,0.9045,8.913287888765336,7.573699250221252,3.678168091858111,2.610336753073803,32.08738914862492
291,0.0245,64,0.005,5.60571402400732,8.805201082229614,3.685628548136335,2.263567731309167,41.32765248636085
292,0.0306,16,0.0302,5.449683412542709,6.488540530204773,1.8175481653072152,1.9224364959736895,22.898460146580817
293,0.0531,32,0.2462,6.52170029112271,9.47213939666748,2.0432443956304964,2.498729805246592,47.98253769476392
294,0.0061,32,0.7136,9.045619103227345,6.536075148582459,5.44476894766669,1.9891862637986357,23.33857017000119
295,0.0714,8,0.4774,7.311120740679594,8.893688318729401,1.5227744206261669,2.9420444619841324,43.87665876349765
296,0.0347,4,0.7387,8.008868070568601,6.285471506118775,1.1188061648945355,1.4218703210431416,20.764433632047172
297,0.0673,4,0.9899,9.02411342481008,7.4210426712036135,2.2532982666338173,1.9720953879633538,29.4805172735256
298,0.1,4,0.8342,10.06425340822683,8.098818182945251,1.655946865293495,2.1427141372448952,35.09103991717688
299,0.0531,64,0.5729,7.983715348243713,6.8108531665802,3.0341342701652882,2.31807221738538,25.880589830864757
300,0.0898,4,0.4523,8.411439535715258,7.082987613677979,0.9025317996143881,1.901888123893707,26.892945985661797
301,0.0082,32,0.799,8.553303131546294,5.496130819320679,4.034336267986243,1.5977635081364978,16.380151105509622
302,0.0102,64,0.2663,7.144633919596672,5.177436237335205,5.053041654585368,1.7808385119793328,14.988615898710243
303,0.0286,2,0.2211,6.281249319910018,6.409467351436615,0.9187306199819474,1.9596263670584548,22.460703613801307
304,0.0755,16,0.2663,6.849680112783727,6.028544476032257,1.5964267446456735,2.2709375354889105,20.750252894795747
305,0.0041,64,0.9296,12.111795241832732,8.582421355247497,9.484429245285973,4.212716661292546,45.70246899367005
306,0.0551,16,0.407,6.978251943771657,6.414305057525635,1.9905592112404502,1.6608233570565794,21.95082179717181
307,0.002,8,0.0603,5.8351186052193995,7.577016706466675,4.973685422070754,2.3198960965291247,31.396550034383086
308,0.0102,16,0.7839,8.083056998711367,5.398247451782226,3.604304458415663,0.940268267711884,15.012589982969603
309,0.0592,4,0.809,9.005606063466805,6.36769425868988,1.2221425191936017,1.435925376856692,21.30470593002655
310,0.0102,32,0.5327,7.96273569038936,5.645903735160828,4.478037940225644,1.957586089041521,17.85418614135593
311,0.0531,32,0.5327,7.508975100857871,8.138397483825683,2.3259991400265063,1.9871284938333176,35.09109662787224
312,0.0857,32,0.4221,6.818574394157954,6.868156430721283,2.2222465922319485,1.9039519896450692,25.39830296786576
313,0.0857,2,0.0352,12.77495011504695,11.126330816745758,4.776654329464343,4.814101100685901,73.48540342564577
314,0.0306,2,0.6834,8.731599131657097,5.765668110847473,0.7789607715750598,1.2618166595702234,17.417555023406212
315,0.0163,64,0.0151,5.7371119752526285,7.4460628843307495,3.635076304527039,1.874017631372402,29.477897280051295
316,0.0776,4,0.0905,7.230480548043091,6.250855302810669,1.0521469085173074,2.118351311542869,21.780302147895824
317,0.0898,32,0.2211,6.689634340490614,7.079436480998993,2.009831340719073,1.8544314729874423,26.778668488252887
318,0.0551,4,0.5226,8.34292606604787,5.935775718688965,1.5845308430912104,1.6916677506515345,19.047586580585957
319,0.0531,2,0.3668,7.339811508313468,7.351697902679444,0.8547532508746929,2.590831940863002,30.37993609902864
320,0.0347,16,0.0704,5.13731649499673,7.6546755170822145,2.1314552836995064,2.902952438574778,33.51059506622256
321,0.0102,2,0.5578,7.244096330230195,8.772180514335632,1.1723244910996655,1.7215323641651898,39.95741232847897
322,0.0388,8,0.1859,6.473989393596465,6.639891264438629,1.1393723231857054,1.9441765211263689,23.933989174433723
323,0.0735,32,0.0151,4.98408731852259,7.880920844078064,2.4727763179860376,2.6142528177592927,34.471615572893256
324,0.0265,2,0.9146,8.291014220256429,6.683747162818909,0.8130733008392835,1.8942389600494622,24.130308687129542
325,0.0184,2,0.598,7.868745580169443,6.133915576934815,1.1204845272894508,1.3106630979433984,19.671379030637073
326,0.0122,64,0.1106,6.988975627422333,6.585458328723908,5.736787405471147,2.3274798647642423,24.39271196012103
327,0.0776,2,0.4271,9.83312354786035,7.296781535148621,1.476886823636784,1.908587123767934,28.44286279034931
328,0.0163,64,0.0452,5.926471196711064,8.392806458473206,4.025348756784887,1.8507082636324907,36.932160663233574
329,0.049,16,0.3668,7.216362168330412,6.058886704444885,2.1284569389494976,1.7249725712590658,19.842819234447557
330,0.0551,2,0.1307,6.5168993730495615,8.755089235305785,0.9193366777131158,3.3527721100778622,43.946334170141604
331,0.0673,4,0.9799,8.713710774853825,5.869835381507873,1.7258839085208357,1.5656115123088892,18.453053406737908
332,0.002,8,0.8593,9.355567900355046,5.663881750106811,5.775279733283343,2.442881089827183,19.02361224911412
333,0.002,32,0.3769,9.515107249873026,5.264510378837586,7.503051218171926,3.028590016439422,18.4437135082826
334,0.0592,32,0.9246,8.406009641374862,5.709325456619263,2.2747835438618593,1.6093066907209908,17.59313259720005
335,0.0735,16,0.8844,8.28149675992819,6.433794107437134,2.0488415761487957,1.9818456114467045,22.660709322251673
336,0.0653,8,0.1256,5.746366883562161,6.836866619586945,1.2441666211862903,2.2663002999694926,25.939431111832015
337,0.0959,2,0.5528,19.553419011920113,17.717613105773925,4.092206936312348,5.376979934556342,171.41286369125675
338,0.0245,4,0.0553,5.066518926941432,8.024014110565185,0.7939022211103305,2.9604514072482675,36.574537490613714
339,0.098,4,0.2663,8.430775836981262,7.800416009426117,1.1963072903137568,2.7060381925517265,34.08456630982994
340,0.0102,32,0.8291,8.914887350967952,5.71447455406189,5.498694283466678,2.2622030368781116,18.88639100454069
341,0.0531,2,0.3367,7.250844777738496,8.819090728759766,0.7685397442780901,4.012067401669623,46.93652305881825
342,0.0735,16,0.0,5.265718975158839,7.436322145462036,1.503469474499075,2.261201783852347,30.205960279193064
343,0.0837,4,0.6734,8.40353021862415,6.629718744754792,1.2598114671689848,2.3183937913724675,24.664060203213726
344,0.0551,32,0.9497,8.298059175355094,6.112609639167785,2.749057200529253,2.6400051455776374,22.166811884761664
345,0.0531,8,0.1709,5.919034386391823,8.97218948841095,1.376373369412996,3.5457696218465253,46.53633321358079
346,0.0918,32,0.4623,7.031423222337451,6.308155148029328,2.2597271288987195,1.677051831871633,21.302662109196454
347,0.0939,4,0.6131,8.45866276478538,6.430060687065125,1.0751255062993137,2.4453663708300275,23.662748563463424
348,0.0673,64,0.8241,8.354338257908822,7.109151692390442,3.3604218591893065,2.157378675348673,27.59716026713354
349,0.0469,32,0.8744,8.559308792522977,6.535622019767761,2.4759955979098196,1.5299830238472385,22.527601619266985
350,0.0449,2,0.4271,8.171856256533736,7.579925799369812,1.1885738262321428,1.6349535101239767,30.0641740521094
351,0.0816,4,0.603,8.880716410502792,8.344783477783203,1.2376121165248022,2.306344096379016,37.477317190992935
352,0.0,64,0.1407,49.66668134212494,25.226324462890624,2.7961381889974186,1.2936267820597206e-06,318.1837229535178
353,0.0714,8,0.8995,8.400484080360483,6.643543379306793,2.1273731751440375,2.0454566880969427,24.160280847805822
354,0.049,4,0.5427,8.145550233054045,6.059742052555084,0.8648266992837386,1.3656270753533613,19.292705526221336
355,0.0082,8,0.2111,6.248101117977729,8.751851253509521,2.341062431352357,2.3882901608010565,41.149415127867655
356,0.0857,16,0.1809,6.588783062696455,7.056366634368897,1.1233986320370442,1.6067627525727024,26.186998310844817
357,0.0102,64,0.9196,9.390650652050972,6.080288152694703,6.182972961698975,2.5769281142769977,21.80523126297538
358,0.0714,2,0.9648,12.563475244439996,8.321481642723084,3.156825124013905,3.0604274723696228,39.306636521906
359,0.0816,16,0.3869,7.377667656036525,6.048039662837982,1.2192380086331884,1.3969899779905317,19.265182380933677
360,0.0918,16,0.1558,5.702683295470016,9.736815869808197,1.8914137653343879,3.5814912363441698,53.81633137927942
361,0.0082,16,0.0854,5.867577184484556,5.901305313110352,3.9111962344636377,2.0092053138432258,19.43115519586016
362,0.0673,2,0.3417,7.775960385331598,9.352403502464295,1.1476837649479887,4.029452610643432,51.85196980716379
363,0.0592,64,0.397,7.030945102572441,8.47354730606079,3.5296081910558765,2.7067705536421656,39.5638053890572
364,0.0898,32,0.6935,7.966163863795145,5.665939373970032,2.3171946946193462,1.335479628538274,16.943187413872323
365,0.0878,4,0.6884,9.343352415292308,6.74760943889618,1.6658075024120242,1.6038149134387565,24.05122770822469
366,0.0041,32,0.7387,10.119718558788298,7.389564619064331,7.487169281524626,3.359675268718708,32.94654158528375
367,0.0388,4,0.191,5.943422423122596,7.0216865682601926,0.778503600251431,2.3993324561949705,27.530439249118096
368,0.0306,4,0.5427,7.711689988781626,6.993859457969665,1.0948707067926053,1.6470871190735008,25.813483047824793
369,0.0184,4,0.0151,4.715032259008059,8.75657452583313,1.216997895761644,3.1425174188154092,43.27650657701399
370,0.0714,2,0.397,8.25346228397308,8.23405170917511,1.0701738641371967,4.712582016402603,45.00401840534539
371,0.0531,8,0.7739,7.910747299469436,6.34037232875824,1.0059025756730062,1.5318674617520898,21.273469593828985
372,0.051,2,0.4925,8.35399255360423,6.61773104429245,1.0647327399314064,1.7770859648316566,23.47619935049685
373,0.0286,8,0.1156,5.742000446239342,5.806186962127685,1.5488337556587854,1.6170025353467259,18.16325211924963
374,0.0367,32,0.4925,7.093868965591703,8.292020416259765,2.799777900495377,2.1745636093298315,36.743164737345175
375,0.1,2,0.8894,12.413611130913843,9.512795629501342,1.2134969087905216,2.2698511572562285,47.82275248237864
376,0.0041,4,0.1558,5.940414549797199,4.773262085914612,1.9923298525555206,0.6109967078993228,11.578673958946863
377,0.0714,4,0.1759,7.2098898746259525,7.794721517562866,1.3126543040101144,2.6431494027296614,33.87196115075386
378,0.0918,64,0.5779,7.587390480339527,5.922746770381927,3.5649926070073454,2.122549768627971,19.7920734131861
379,0.0816,8,0.4573,8.275997383548663,5.5461557316780095,1.4419113235379954,1.243968937478917,16.153651058718633
380,0.0306,64,0.5226,7.9708829301595685,6.994117035865783,4.530602552631126,1.6907650064420354,25.888179709198454
381,0.0041,2,0.5327,7.156968692991024,4.773611335754395,2.103273747697829,0.8086891560140297,11.720671667948771
382,0.0408,32,0.2261,5.9694522339957095,6.43742556810379,2.510897053931669,1.8152269306136783,22.36774837725078
383,0.0286,32,0.5377,7.530266393933978,6.542404417991638,2.4142572626831984,1.8884787788375736,23.184703833338176
384,0.098,8,0.5779,8.598698972234358,6.035687975883484,1.5286934865632245,1.6262604918766086,19.537126264831606
385,0.0367,64,0.7487,8.983570433855057,7.754552659988403,5.726047805690821,4.48674956415044,40.132004303968685
386,0.0673,4,0.0452,5.678257595112978,7.044160604476929,1.6507369264470528,2.661170355942076,28.351013142504822
387,0.0367,8,0.3065,6.542971004889562,7.801399652957916,1.2062229191403595,2.9736480300699233,34.852209575955314
388,0.0347,64,0.1407,5.860464543402195,8.043452649116515,3.549679417798303,2.8069968192724253,36.2881808309925
389,0.0,16,0.4523,56.89834648572481,29.712518939971925,7.95281272502681e-07,1.862084208901174e-06,441.4168908790969
390,0.0306,2,0.1558,6.596062610956678,7.540521712303161,1.1639298385109653,2.4966984372554113,31.54648539015451
391,0.0776,2,0.4724,10.50380955030891,8.205024166107178,1.0252431356712257,2.288078169334422,36.27886163769377
392,0.0551,8,0.8191,8.208803235865554,6.48820015668869,1.5433408932082389,1.7211831105672961,22.529606286678632
393,0.049,4,0.206,6.400828632371355,6.470905075073242,0.8303217533453333,2.1746090552665747,23.30076851692801
394,0.0633,4,0.4874,7.456604618688042,6.427698709964752,1.0134744367420172,2.4619023695756033,23.688136991702255
395,0.0041,16,0.3015,7.021909955831673,4.776026518344879,5.025119130078634,1.8420340317938408,13.101759339110089
396,0.002,64,0.6382,12.709946091771126,7.766328902244568,10.520606126823624,5.454473903750125,45.03357509226522
397,0.0041,4,0.5779,7.29745855659533,4.768307976722717,2.4975483987201605,0.7670551562615772,11.66256728681248
398,0.0673,64,0.1457,6.095991230905056,9.076074061393738,2.4260549425424083,3.1832675246241773,46.25415625061558
399,0.0265,2,0.201,6.024820073404563,7.04515691280365,0.7760128135396072,2.764500905715345,28.63835059186301
400,0.0939,64,0.1558,6.48596088886261,6.634643042087555,2.2227828632857713,2.0886963069968627,24.190570279391572
401,0.098,8,0.4271,7.812000192816442,9.422896904945373,1.2477437600312549,2.1598831685847415,46.72804069158238
402,0.0857,4,0.005,6.8515752480236385,7.360129780769348,1.1494736817124926,2.247342133307055,29.61102852695248
403,0.0755,4,0.4372,8.3162910833439,6.955448179244995,0.9328355135177898,1.8521009160482953,25.904268588694727
404,0.0673,8,0.0452,5.9275586167894865,7.588657293319702,1.2384408308104875,2.7062228357866784,32.4556807761938
405,0.0592,4,0.2513,6.9382615172691064,9.843796887397765,0.8329061853335288,3.7324982031957195,55.41593999860061
406,0.0776,16,0.0653,5.121673548404988,14.381658191680907,1.6637590677598826,5.436807391938328,118.1954834796889
407,0.049,4,0.4724,7.3020733970417995,6.273184914588928,0.9448445752408616,1.799596941923507,21.295699063003266
408,0.0143,4,0.9849,8.224339981738192,6.743106937408447,1.5413951725627129,1.2955399555287366,23.573957472848665
409,0.049,4,0.6181,7.7077694835227275,6.088542788028717,1.3658035310172885,1.6581047920394307,19.909832391520315
410,0.0306,16,0.0251,5.003011622428893,6.697317461967469,1.8456130238395816,2.292656520864599,25.055167554518672
411,0.0286,16,0.8442,8.277170613729036,5.9293604707717895,2.8015901007154307,2.031094457741012,19.641330144308654
412,0.0122,2,0.6281,7.257343808226108,7.742457504272461,1.1446500470071566,2.0534742493047835,32.0812023490114
413,0.0592,4,0.4372,7.229555903197482,6.752921545505524,1.3417562540082253,2.0726554710195604,24.948925050650015
414,0.002,4,0.7035,8.026851063585625,5.758481488227845,4.897427908087141,2.0960343655588614,18.776734555933253
415,0.0408,64,0.7588,8.404033489227295,5.596883788108825,3.5986498211228546,1.297439262164485,16.504228388300657
416,0.0245,4,0.397,7.251411383685009,5.615309522151947,1.3431474565412327,1.411107578869119,16.7614628143561
417,0.0408,64,0.2412,6.880876523852348,6.510442452430725,2.863461758050705,1.2450643470424607,21.96802307734423
418,0.0776,32,0.6784,8.26196363040379,6.149002156257629,2.6528794054427505,1.7541814432225802,20.443690026703717
419,0.002,8,0.0704,6.124539597022992,6.535319151878357,4.630106217357928,2.0810874252205123,23.5206606441595
420,0.0939,4,0.4824,8.739203604482686,7.518816125392914,1.3050475153808165,2.4124987305660808,31.176373026225733
421,0.0,4,0.6985,59.96534807136999,31.861949348449706,3.7937465656248254e-07,1.4400166388074396e-06,507.5919081415883
422,0.0531,8,0.5477,8.06784778342797,5.3892616629600525,1.7923093818189728,1.5542231978018355,15.729875510218157
423,0.0918,64,0.3015,7.0127198633551595,6.766708903312683,3.1521625834929092,1.7286268746323048,24.388250126936093
424,0.0755,64,0.2312,6.781722217202186,8.761318340301514,2.385823186866011,2.482055778622428,41.46064997414833
425,0.0245,4,0.8141,8.482777206129752,6.132785167694092,1.6238957708273045,1.5760899563777737,20.04755673184177
426,0.0122,16,0.4573,7.268156125728898,6.476462240219116,3.416800213748559,1.2798077710114093,21.791235539862605
427,0.0163,16,0.6181,7.524402060875526,8.348702354431152,2.828655235142607,1.7804690522356792,36.43545052442664
428,0.0694,16,0.0553,5.685397067161706,7.120218060016632,1.5217574014188984,2.0620879138022303,27.474855893218123
429,0.0347,4,0.3668,7.225834262755055,6.002826609611511,1.11155621621535,1.4618863810756144,19.085519548117194
430,0.0469,8,0.9347,8.421131285543625,6.331438817977905,1.4445078776311067,1.4972977038982902,21.164508959948275
431,0.0286,64,0.7638,8.501124634742737,9.116569404602052,5.602691167230075,3.276705268455992,46.924317562626726
432,0.0673,64,0.4774,7.171580895781517,8.527292122840882,3.515006701676993,2.469368171003866,39.406245056115566
433,0.0082,64,0.6131,9.920822359919548,7.1093589258193965,7.7191122073322544,3.902412141192753,32.885902427928265
434,0.0898,32,0.4422,7.766031448159897,6.871386070251464,2.127259260957693,1.753750492189418,25.145793657650245
435,0.0102,64,0.5477,8.992895613908768,5.6893292760849,6.281936837062947,2.7658278522158604,20.009135659904864
436,0.0694,32,0.2161,6.423784978730339,9.289983186721802,1.6523886135763852,2.894803733072642,47.34183813129253
437,0.0224,8,0.0251,5.574632018930638,8.184462041854859,1.567323022099645,1.9635841043682898,35.420540724745415
438,0.0714,16,0.7387,8.03343694448471,6.086360905170441,1.3722716729693416,1.7791748553793385,20.10462611700062
439,0.0612,8,0.1106,6.190798446421439,7.34515645980835,1.4068525941757553,3.16034190959799,31.9695422023129
440,0.0898,4,0.7739,10.6604867268411,8.117292156219483,1.503859487670212,2.993143830004226,37.42467096825735
441,0.0816,16,0.4171,6.866238832198656,6.305466094017029,1.7542131779569816,1.7502766502034703,21.411185507522926
442,0.0429,2,0.6432,8.121500606927663,7.731514809131622,1.2688930731018209,2.5842305572924387,33.22728440853278
443,0.049,64,0.4322,7.220960631966591,5.991777029037475,4.041176582145215,2.654703591368714,21.474421561863554
444,0.0245,4,0.8392,8.213502406211427,6.210216536521911,1.1415344858916647,1.5604261039601874,20.500859528205286
445,0.0082,64,0.0754,7.432054728269577,10.389171137809754,7.262867746502552,2.640849120879653,57.45448050497503
446,0.0367,32,1.0,8.856981410299028,6.596460409164429,3.4359638014196827,2.1004161123005685,23.96251888724279
447,0.0388,4,0.7085,8.139678210891208,6.943646292686463,0.9870099028449432,1.7412379648179859,25.62306674403097
448,0.0776,4,0.804,9.430328128604362,7.900851945877076,2.0262081119246296,2.481083129872128,34.289617484002825
449,0.0939,32,0.0201,5.7742156982421875,8.887738690376281,2.42475662290575,2.5482816248275633,42.74281913392265
450,0.0571,8,0.6633,7.785291219514149,6.717835454940796,1.2996695252466914,2.162336870670113,24.902506970959514
451,0.0388,32,0.3869,6.716643272127426,5.291300883293152,3.015393975150265,2.3036916990059435,16.65243024080389
452,0.0612,4,0.1457,6.038421050530786,8.41653119802475,1.565116920570278,2.9366005892289655,39.730810213991916
453,0.0102,8,0.206,5.34641758098052,9.213810753822326,1.5317176250003077,2.6425574784576162,45.93870931710211
454,0.0347,16,0.799,7.95288473220972,6.611947774887085,1.352798165044797,1.432021500069265,22.88426947724745
455,0.0184,64,0.5075,8.35722326517105,7.341491665840149,5.009297577002552,2.9726475459336994,31.367066655973005
456,0.0755,8,0.1508,6.578071519847097,7.587390909194946,0.9693718805160503,2.0044922433739067,30.793244981340134
457,0.0245,4,0.5477,7.6180837913602595,12.175622053146363,0.8883327447193234,5.194254984596999,87.61302861303741
458,0.0735,32,0.3417,6.438226613998413,8.923614993095399,2.450962488573415,2.9965760503155043,44.30518628516073
459,0.0224,8,0.8543,8.155711484711903,8.498268399238587,2.369944247648186,2.6451472756072403,39.60868494757479
460,0.0694,4,0.4874,8.038208240935434,9.408845748901367,1.658885543759666,2.4943305733528502,47.37403166789104
461,0.0061,64,0.1357,8.983298719227314,7.924649825096131,9.039297985191766,3.9135670263636966,39.05804086011866
462,0.0082,16,0.3769,7.132967375333493,6.415949368476868,4.576459027649453,2.200706420332485,23.00375752367567
463,0.0571,8,0.7286,8.636565385185754,6.0856343317031865,0.8922085431810941,1.3122500209103944,19.37847266829191
464,0.0571,4,0.608,8.538016256300303,6.165315821170807,0.9939071213499102,1.3541460521503776,19.922415352666754
465,0.0184,32,0.598,7.522462085996355,5.867330107688904,4.50585931290687,2.5230425883401377,20.395653247585393
466,0.002,2,0.3518,6.713781402543044,5.533704323768616,2.152484000408873,0.7869536295948938,15.620589779014024
467,0.0939,32,0.8593,8.518310078893391,8.23404480934143,2.1806908418729365,1.7094111965378787,35.36079028054581
468,0.0898,16,0.1256,6.173399839309546,9.091180860996246,1.8406815142479152,2.7456113708349204,45.09397562350123
469,0.0837,2,0.5477,11.304238175921178,7.893913736343384,1.49396409807265,2.1572278212838563,33.48375297487593
470,0.0041,16,0.2714,7.096779122169202,6.501553316116333,4.672191238966246,1.8306432959345862,22.810725199626763
471,0.0184,4,0.6784,7.895943947821283,7.301251277923584,0.9236329337384872,1.3345960808424862,27.54470846119045
472,0.0959,16,0.1608,5.955615802361416,9.990388813018798,1.1811088490738153,1.7057369235700506,51.35870354386069
473,0.0449,16,0.6432,7.367100409819531,5.732170448303223,1.4520213228837204,1.3318991382616598,17.315866681451464
474,0.0673,4,0.5327,7.748935270945615,8.100723085403443,0.9216885888929929,3.3090459960195635,38.28574995508069
475,0.0878,64,0.005,5.476712562739849,6.991452519893646,2.260044176365687,1.8372151704905832,26.12788396030398
476,0.0673,2,0.0854,7.764024461362278,7.625641672611237,1.1465203480207946,2.2713714279099397,31.65476954129537
477,0.0898,16,0.0804,6.079454012925807,6.432136042118072,1.5843600189787028,2.4069811745428926,23.582966219459113
478,0.0898,32,0.7588,8.38976210764476,8.255377459526063,2.4512828409656486,1.77938631816519,35.65873633426223
479,0.0796,2,0.5327,8.911470458580611,8.416013565063476,1.269320613536901,3.0799372544030574,40.15764890919614
480,0.0857,8,0.7487,8.23050361841917,6.526631960868835,1.948454813260881,1.6347241748016494,22.634623940157756
481,0.0,4,0.2864,44.80114040238354,22.179628620147707,2.863565484059838e-07,1.392625758077378e-06,245.9679628638386
482,0.0776,32,0.9749,8.488968177182334,7.201882181167602,2.8672262199285066,1.6106206829204002,27.230602967835196
483,0.0571,2,0.1156,6.306075001348062,8.149038310050964,1.5673283060159036,3.7340176420130797,40.17485656477159
484,0.0082,64,0.6683,9.279823744297028,7.018075189590454,6.139453555111204,2.254128206659736,27.16723666940206
485,0.0,4,0.2111,43.59052207304451,21.612776737213135,2.958613300260917e-07,1.2793461866557312e-06,233.55605914631144
486,0.0408,2,0.4221,7.590028933644509,9.179077024459838,1.0951555484980715,2.2548629825746267,44.66993104557591
487,0.0776,32,0.0452,5.5815007916518615,6.087886018753052,1.9847128933075942,1.9089640151998073,20.353249894328325
488,0.0408,32,0.1055,5.385052806990486,6.944067509174347,2.5360932139378534,1.7901087841497563,25.712281515530467
489,0.0939,4,0.5528,9.399927949704802,8.711444401741028,1.3737665424038732,2.413686379750112,40.85757275220815
490,0.0878,8,0.2714,7.690548426440127,6.26542706489563,0.7367743484429898,1.9866738406726139,21.60122462736977
491,0.098,32,0.2462,6.127210084370205,9.910647435188293,1.6484264637242456,3.2482371182213,54.38598848039746
492,0.0163,32,0.2764,6.51283006634031,5.944591164588928,3.3245131856957477,1.2398096642811545,18.43764605887685
493,0.0408,16,0.8291,8.483443497969553,5.608897414207458,2.4280901500317,1.2289034401883583,16.484966934204948
494,0.0184,64,0.6533,8.480602688193322,5.13191264629364,4.39192192191445,1.6167891613142749,14.475267300665951
495,0.0898,2,0.0201,7.046037553779001,9.696287183761596,1.1375376024999875,5.634172865180178,62.880944512355995
496,0.0714,32,0.0905,4.989592741727829,10.214074730873108,2.1724914334870236,3.274601517036856,57.525168851620315
497,0.0286,32,0.8995,8.136148294380732,6.3018874168396,3.3090562803498322,1.5011881718435214,20.98367547090209
498,0.0694,64,0.5126,7.605014424324036,5.704064378738403,3.2118519052367116,1.758021740246786,17.813495437986333
499,0.0816,32,0.4774,7.225814882346563,10.330850005149841,2.478146376393943,1.718324805823297,54.839550983606074
500,0.0939,32,0.3116,6.138534765754429,8.823312239646912,2.0243881347756134,2.82436744313312,42.913945166066654
501,0.0429,4,0.6884,7.855173322203068,6.156988074779511,1.1297083004693944,1.5119757516059693,20.09728641321077
502,0.0204,64,0.5779,7.557327081859111,5.824266371726989,4.465946947892663,1.9545166907755582,18.871107131675053
503,0.0163,32,0.9799,9.089416968822478,6.700873975753784,5.045437442230267,2.5326211321635106,25.657940919007753
504,0.0735,8,0.4121,7.12810633056439,6.827467722892761,1.6899110204243417,2.172558095035558,25.667162091723497
505,0.0061,16,0.6181,8.241999014982811,6.299170188903808,4.894081155155085,1.7520707897422194,21.37464856052118
506,0.0959,2,0.0201,7.919107170603171,7.666846094131469,1.2824081153469244,3.5435569246533136,35.66866235467871
507,0.0837,2,0.0402,6.922911464921738,8.62614087343216,0.9299926538812698,4.436360367386361,47.045799838806694
508,0.002,16,0.5126,9.267439720630644,6.939330348968506,6.798449788869622,3.5099071201076977,30.236876841949037
509,0.0959,2,0.1055,8.467702432921909,7.566690244674683,1.6669973894259815,2.3084232807211675,31.291809650915244
510,0.0082,2,0.0101,4.80952793526114,5.739855895042419,1.0618425697012985,1.8946955938039993,18.26790854451675
511,0.0571,4,0.8392,8.273164367417875,6.1819815874099735,0.9000453376850842,1.4775319345537825,20.19999848235109
512,0.0735,64,0.9296,8.326855106949806,5.667269306182861,3.9566636672180278,1.417873925119344,17.064153928167855
513,0.0653,4,0.0101,5.304234443744645,11.076359708309173,1.186672444221245,5.594646275613868,76.9929056685475
514,0.0408,8,0.5779,7.646972498389391,7.540472764968872,0.8941793222540565,1.6289434739755,29.756093180322335
515,0.0571,2,0.1608,7.184210304828505,8.729791321754455,1.1245901473915059,2.5793840442546143,41.43123928456734
516,0.0755,16,0.0653,5.38084218309476,7.435908854007721,1.920281073672488,2.9908395987349747,32.1189309952358
517,0.0653,64,0.6884,8.160405989289284,6.8984191036224365,3.0239204236227915,1.5228414790119744,24.95361614971118
518,0.0286,8,0.6131,7.322214112809071,6.725677165985108,1.8956827879074118,1.4600134427228835,23.6831862969925
519,0.0776,8,0.4573,7.291773785719505,7.3301699924468995,1.5333608842958797,2.2120348489994255,29.312245145678443
520,0.0714,4,0.6281,8.074318051722186,6.637940883636475,1.1177912806932886,2.4631283561239967,25.06463023669734
521,0.0714,8,0.2814,7.2087756177095255,7.554214873313904,0.8636044176887958,1.886334908062714,30.312210868786483
522,0.0918,4,0.5678,8.12842413259527,6.944845232963562,1.4246896134070564,2.6482744573162957,27.622116455545317
523,0.0469,16,0.7236,8.159173545103807,6.416980752944946,1.537042702765597,1.2921916116562417,21.423700572450322
524,0.0571,8,0.9095,8.733002063311064,6.480534820556641,1.6990906010668583,1.1962314911910386,21.714150670482116
525,0.0367,16,0.5327,7.036690416152661,6.3606953930854795,1.7943785537788377,1.5077239399398568,21.365838681343305
526,0.0918,64,0.6432,8.55016941189766,6.992443089485168,4.364651834970486,8.703849588089144,62.32562900588422
527,0.0143,16,0.2814,6.062216545618497,4.835433323383331,2.87627845778179,1.3561157395975811,12.61023266203513
528,0.0735,16,0.6281,7.981479606811818,9.964846382141113,1.377614736979733,5.020662289718135,62.25260662353429
529,0.0102,2,0.2513,6.513645432435442,5.954747149944305,1.2175293773622329,1.173832571992578,18.41844826342027
530,0.0102,64,0.8945,9.855085287094116,8.111471381187439,7.04857407615311,2.5646835978008493,36.18678496232579
531,0.0143,32,0.1106,5.7295327620846885,7.074809470176697,3.1174347204613166,1.0995912079748185,25.631014931978697
532,0.0531,32,0.2814,6.411898664746966,5.346753568649292,1.677686227656653,1.530036493803641,15.464392698117438
533,0.0673,32,0.1256,5.891661305086953,7.556199445724487,2.00999986832052,2.0095296732141517,30.56717978554761
534,0.0592,16,0.3618,6.593873867346691,7.179629368782043,1.4561817082769006,2.140734494502883,28.06491102451608
535,0.0592,2,0.4372,8.539872448272789,6.69145676612854,0.9654958130175044,1.8938070258207964,24.181049352007815
536,0.0245,2,0.7437,8.675747862584316,6.136792345046997,0.7173582057370851,1.2147966698760444,19.567975617684674
537,0.0286,32,0.2764,6.256317171369281,4.983557069301606,3.1896941149318256,1.0751810516841718,12.995927678443346
538,0.0204,32,0.0955,5.6434520769119265,7.345956385135651,2.5735652079010554,1.5847350207758908,28.237230149194396
539,0.0633,4,0.8643,8.602373097246655,6.882883455753326,1.0155632666661496,2.517564235842929,26.856107173539122
540,0.0694,32,0.8844,8.73983843939645,6.143607602119446,3.436116270461804,2.3447331350307947,21.620843921665596
541,0.0449,8,0.8945,8.694945128445442,5.856888651847839,1.5712842133814906,1.7163669948570441,18.624530170589303
542,0.0367,16,0.1005,5.53855154312574,7.770510058403016,1.9136788009798296,2.17418110809697,32.553945029274104
543,0.0061,2,0.201,5.959635521478126,7.12961817741394,1.1007071496551817,1.3057720827278196,26.268248043871314
544,0.098,16,0.9095,8.913692604028261,6.832433657646179,1.4616288131669013,1.2325610562392426,24.10067822174697
545,0.0714,16,0.6482,7.81140828875395,7.601135921478272,1.653420842490644,1.596940683279033,30.16374342134952
546,0.1,2,0.0503,7.982649134347716,7.054731466770172,0.9849075914123645,3.361735379543677,30.535250415156447
547,0.0592,16,0.2211,6.024379594142621,6.780902416706085,1.3679993211626262,2.5803838432242725,26.319509181631645
548,0.0633,32,0.7588,8.177410016400472,5.361795401573181,2.3329510865149725,1.4693806449416862,15.453964704030277
549,0.0939,2,0.1407,8.3025603858129,8.716386742591858,0.8675660846560822,2.3373928013819802,40.7194014771917
550,0.0388,4,0.3668,6.757216756899769,6.439307465553283,0.9105567807819709,1.8518257047360163,22.446969538325646
551,0.0449,32,0.5226,7.430645795209065,7.052049479484558,2.637290596792834,2.3221201204332007,27.561821857409566
552,0.0265,4,0.6985,7.538002479311364,7.080429437160492,0.8705284282088908,1.7577990687565195,26.61116929036507
553,0.0653,8,0.0804,6.213985897165077,8.115624895095825,1.4293686357338298,2.501055808470835,36.05932379749242
554,0.0592,16,0.2663,6.513565605420332,6.368708894252777,1.4190927998104867,1.4910438069882084,21.391832307046162
555,0.0122,2,0.0251,5.343532941819465,6.674344210624695,0.8233401055816988,1.7689205850415561,23.83797533904157
556,0.0061,2,0.5075,7.09228705710445,5.184792821407318,1.2998282483907884,0.864471288583617,13.814693604851138
557,0.0673,8,0.4422,7.0461642169952405,6.760678899288178,1.230473405281192,2.2487404187117512,25.381806325014153
558,0.0878,8,0.4724,7.899587418299454,6.949985938072205,1.0798869310017256,2.5833555890606847,27.488015319466232
559,0.0388,2,0.201,7.3478972486735215,6.092371838092804,0.8178688400943293,2.280526631707059,21.15889816575572
560,0.0347,4,0.799,8.479212236496119,6.0455198574066165,0.9705819343076479,1.2094651275758368,19.005558120559876
561,0.0061,8,0.6583,7.797355951781456,5.780266609191894,3.1618918261014715,0.7064430875963345,16.955271954675702
562,0.002,64,0.4774,13.646428464651107,7.823901076316833,10.444782106053518,4.99599764352074,43.086710253028244
563,0.0816,8,0.2261,6.528470522875969,8.084384031295777,1.1828468434357688,1.9464251850932546,34.57291808331773
564,0.0531,8,0.1005,6.074062791856433,7.248437623977662,1.5707501639148185,2.087924263042003,28.44963785844721
565,0.0673,16,0.3417,6.70722776211225,7.413398842811585,2.1797899795005993,2.269587434035498,30.05475476166599
566,0.0816,16,0.608,7.453530796766281,6.499932072162628,1.2328212178435978,1.983683919770245,23.0920594181417
567,0.0776,16,0.2764,6.9917610647128186,9.788270583152771,1.4141532845008944,2.9321519085735215,52.203877911982616
568,0.0245,4,0.799,7.989119003443762,6.187873940467835,1.0665661539363744,1.290425571515975,19.977491029371627
569,0.002,64,0.2915,11.826127914786339,6.722707896232605,9.078267602622308,3.873922466450123,30.101038367067613
570,0.0571,4,0.3065,6.8929520819221555,7.0203186750411986,1.1924679178746653,2.603195049820457,28.030749383270972
571,0.0694,64,0.4171,7.452594723105431,5.563989353179932,2.4371136765398496,1.7102992524131575,16.94155052755232
572,0.0612,2,1.0,10.034175078168225,6.82987530708313,1.4083182303574602,2.110102143160235,25.54986388243665
573,0.0878,8,0.6985,8.117659543958995,6.475439839363098,1.3803081054633055,1.8239585006668217,22.629072862682772
574,0.0102,32,0.1558,6.283589860200882,6.474294862747192,4.4134953623279625,1.3406321312270013,21.85689424053647
575,0.0367,8,0.6683,7.68685638849552,6.525218081474304,1.6550861250166715,1.9454304203010073,23.181585265515878
576,0.0469,2,0.2161,7.499368277619449,7.42175044298172,0.9001657119851061,2.035602481949839,29.61302855120985
577,0.002,4,0.2211,6.414081208281792,5.7389230632781985,2.9036901784874174,1.1705940030699198,17.15276412312484
578,0.0796,64,1.0,8.720546828508377,6.615350894927978,3.9036328977754873,2.9725481918526167,26.299455107955332
579,0.0204,64,0.5829,7.981542302370071,5.718463687896729,4.86019280350801,2.7615118949867052,20.16338744797326
580,0.0612,8,0.1508,6.159660165172357,8.678537788391113,0.8913563447557544,2.628073429717335,41.11189404825937
581,0.049,64,0.9648,8.551547923088073,6.684336085319519,3.7450556577781944,1.3686136168254566,23.27672606683236
582,0.0347,8,0.598,7.376122398536941,8.552388005256653,1.6000660187710447,2.363692884359723,39.365192322015325
583,0.0939,16,0.2613,7.058474607651051,6.842997951507568,1.40890330618749,2.6130558917819915,26.827341028956678
584,0.0612,16,0.1759,6.370512211414486,6.642364149093628,1.1873064880370372,2.093690457883389,24.252270611298133
585,0.0796,2,0.402,8.4439366232859,9.228210327625275,1.2648537822497654,4.531521737932751,52.84727755612342
586,0.002,4,0.196,6.361179182420556,6.221780734062195,3.6028786722317827,1.7153896363066903,20.82655855354795
587,0.0551,8,0.4171,7.375043047712399,5.510277481079101,1.0905584337304683,1.2371287651813467,15.946822750063285
588,0.0265,8,0.4171,7.1243203046344785,7.539214971065522,1.079379682053004,2.100338209211249,30.625591486505606
589,0.0367,32,0.8442,8.079289398533957,8.877133026123047,3.698150771705702,2.1896828350351134,41.79910084076597
590,0.0939,2,0.4121,10.199328041435935,8.067804374694823,1.5183310793440028,2.1316121253446494,34.81661884063063
591,0.0959,2,0.608,11.383452041422087,9.200872387886047,1.9173006419885967,2.7526022886890913,46.11643602893016
592,0.049,16,0.3518,6.556386568454595,5.991347479820251,1.517207767423054,1.6260027619852309,19.270064802966036
593,0.049,64,0.6131,7.826697979569435,8.901178107261657,2.6618164749625386,2.5623721878594075,42.898361463154814
594,0.0531,16,0.1106,5.981060058795489,10.010422134399414,1.4465744125372548,3.5614595622751626,56.44627276129746
595,0.0531,4,0.3518,7.461242404224782,6.763801703453064,1.104100372878876,2.412943345117353,25.785654535190346
596,0.0429,16,0.201,5.822004441114573,14.448827228546143,1.197657614108243,6.580308982565703,126.03453729320566
597,0.0265,16,0.593,7.629397430511622,6.146168558597565,2.184547392781101,1.287328450304364,19.716301244828152
598,0.0429,8,0.8442,8.045974697035094,6.498123998641968,1.5879952035932845,1.6120278105252868,22.412124581816816
599,0.0082,2,0.4724,6.722204644436805,5.4167108058929445,0.9224261237357437,1.3988195642108308,15.648726063948185
600,0.0388,32,0.9296,8.141757471561434,5.403720457553863,2.578229865324509,2.3059301448561684,17.25875430817126
601,0.0306,4,0.0101,5.372355369310825,6.615073919296265,0.8345276928546399,2.2901953925328824,24.502098946866244
602,0.0612,4,0.8241,9.199662357287911,7.6549575853347775,1.0558706484025748,1.7379588738486484,30.809438340231857
603,0.0531,64,0.6131,7.817020583748818,5.448176715373993,3.5101067952451683,2.439048967738507,17.815794694484815
604,0.0816,16,0.799,8.446533061357645,9.043516936302185,1.7431128027035339,1.9803623357109574,42.8535167789435
605,0.0531,8,0.9899,8.858543894290925,9.04855046749115,1.6444939755969112,1.9078092243391924,42.75800079960401
606,0.0429,64,0.5075,7.786929358243942,7.095523529052734,3.6001953213436186,2.2431335420662326,27.689051119441785
607,0.049,4,0.9296,8.436869549994858,6.082753138542175,1.022942973446076,1.4953186068596933,19.61793174023275
608,0.0286,4,0.5528,7.210576979838885,6.472856101989746,0.9330743769238518,2.057812057586708,23.066228290707564
609,0.0633,16,0.0,4.722768164643874,7.205279850959778,1.2886681257236994,2.7583424332699624,29.76225535491231
610,0.0633,8,0.7889,8.017208468249212,6.145860452651977,1.1624660595273126,1.4876964952267229,19.99242078269072
611,0.0245,4,0.6583,7.984742014253369,5.278838667869568,1.3735079489206883,1.2418932378932077,14.704218247859917
612,0.0776,32,0.5276,7.50887226990291,6.317059354782105,1.668384433266748,1.5807313923519934,21.201975313303585
613,0.0571,16,0.6181,7.491993142916606,7.527755360603333,1.7669734980304017,2.780609031196869,32.199443676732905
614,0.0531,2,0.4623,7.891830812081552,8.369625844955443,0.8688427467362233,3.5201756653888183,41.221136749870865
615,0.0408,16,0.8392,7.96242616543403,6.347626352310181,2.2430452201194635,1.276620342952476,20.961059904291375
616,0.0592,2,0.1156,7.239371710438908,8.44595658302307,1.0901271339534815,3.2805940377683185,41.0482399214759
617,0.0531,32,0.1809,5.828290065356663,5.751099090576172,2.0961439824333277,2.11497108108515,18.774121711726284
618,0.0469,2,0.2261,8.196548458682374,6.643827919960022,1.465278521136694,1.6560762712619155,23.44151902313854
619,0.051,8,0.9397,8.833423147499563,8.745409998893738,2.296683903128106,2.075988130042517,40.395961382413994
620,0.0939,32,0.4271,7.43516287463052,7.587715797424316,1.9313834786244206,2.0781201808175243,30.946007254201792
621,0.0653,32,0.9146,8.704454739434377,6.001561937332153,2.454008641344844,1.583756348197467,19.26351492904492
622,0.0776,2,0.9045,11.256880901839871,9.423361639976502,1.7814312643519679,9.428708830140705,88.85014740067697
623,0.049,2,0.7387,8.477401318949862,7.765600800514221,0.9617082166392752,3.036153461654351,34.7613918178314
624,0.0143,16,0.799,8.183065997178737,6.837390127182007,3.1362908407301098,1.1332284952079257,24.017055286818604
625,0.098,32,0.8392,8.183011645930154,6.360335187911987,2.2852128785700416,1.8826052926665808,21.99903319528382
626,0.0204,16,0.4724,7.168481728205313,5.205954465866089,2.473022546428593,1.7304276195845831,15.048170823646121
627,0.0837,8,0.9899,8.631425124521439,6.4697595310211184,1.4727877455131748,1.317432314508949,21.796708146275503
628,0.0265,2,0.3216,7.001758086177108,7.67728015422821,0.7249585549590557,1.8909859455898692,31.258229206462374
629,0.0367,16,0.2362,6.4126054531794345,7.626054148674012,1.974123110873355,1.3824088083310195,30.033877995929647
630,0.0673,16,0.4372,7.460823333446797,6.723059787750244,2.3153772267114343,1.755871607104877,24.14130900515071
631,0.0857,2,0.6432,11.504511299765882,9.994226379394531,0.8154395403961421,2.1064651144925812,52.16087810057988
632,0.0163,2,0.0201,4.503746428783881,10.728784317970275,0.9427158613703703,3.663522272031013,64.2641041895961
633,0.0,4,0.2814,50.546142438380755,25.880078563690187,3.853807532809605e-07,9.208761371287012e-07,334.8892332313886
634,0.0388,16,0.9296,8.324078701000948,6.786974496841431,3.1295683118028674,3.0427555759569263,27.660692157896477
635,0.0429,32,0.4322,6.861734776496886,9.715643410682679,2.237915686661476,3.0004414461553974,51.69818787767443
636,0.0,16,0.0804,39.119432998070344,18.90453681945801,6.118803236839694e-07,1.2361031910720558e-06,178.69075617912253
637,0.0612,32,0.8492,8.581508871827808,7.2595132541656495,3.5536251308755817,2.4519026686321514,29.3561796919261
638,0.0735,32,0.1005,6.134499343293054,7.220804553031922,1.8150226727585976,1.7107655131611295,27.533368517054
639,0.0714,16,0.3819,7.273414493707511,9.815475478172303,1.1699603780631496,2.9004597550156097,52.3781128265335
640,0.0735,4,0.6533,7.996642386480591,6.284643042087555,1.1295103673302036,2.0694983646478438,21.889780823869806
641,0.0265,4,0.3719,7.108913099771509,6.661389746665955,0.8510884336946821,1.9030018147681158,23.99776463199853
642,0.098,4,0.8844,9.12921113254431,7.453141083717346,1.4764473512057954,2.839127823374188,31.804979405626415
643,0.051,8,0.0503,4.921089246341815,9.30218204021454,1.3595326996339858,3.396068728090055,49.03193675760056
644,0.0102,64,0.8894,9.838889831900596,6.2148414850234985,7.128341067282696,3.10059118663189,24.118960195294218
645,0.0571,8,0.4472,7.0129784540488185,10.497313628196716,1.3330251891591296,2.2534467319647966,57.635807791263666
646,0.0224,32,0.3869,6.581341360637119,5.550200338363648,2.3697498692930066,1.2427123595135154,16.1745289022298
647,0.0388,64,0.5829,8.213328909873962,6.361717615127564,4.349134998720728,3.1376663933584155,25.158200705317572
648,0.0061,64,0.196,8.039490179717541,6.712726159095764,7.099606732110334,3.061211275505627,27.215853480145675
649,0.0551,4,0.1608,6.0652658488515465,6.482121045589447,1.0040050732078931,1.914004554097977,22.840653341390713
650,0.0551,64,0.2412,7.329211766719818,5.877324261665344,3.04813534967629,1.8432553349741314,18.970265353335343
651,0.0061,2,0.8141,7.734541006798569,6.018619198799133,2.0735331838835322,1.2274352155221373,18.865187134228695
652,0.0878,64,0.0251,5.203065800368786,7.034954628944397,2.4576277038671472,2.472748662445002,27.802536289464875
653,0.098,64,0.2362,6.4059063029289245,6.417112102508545,2.3771766859696335,2.487464642361585,23.683404041580342
654,0.0959,4,0.0302,6.278134261216395,8.255605084896088,1.421621625766792,3.9445244782521707,41.85714433864635
655,0.0122,4,0.8191,8.181157948824648,5.820066792964935,1.3876287838756318,1.1736357813344007,17.625299210900778
656,0.0388,64,0.1859,5.967262380123138,6.27598949432373,3.4152254333436587,2.411063381219456,22.600635380559616
657,0.0531,2,0.392,7.361691418520283,9.403390035629272,1.3537610684451509,2.2100925867962906,46.6541267021919
658,0.0857,32,0.5377,7.250591577461786,6.902472944259643,2.509176696825465,1.8500080668861727,25.53333129689015
659,0.0,32,0.2613,49.17219990866524,25.142324981689452,1.0990063100546577,8.978730999709947e-07,316.0682527424431
660,0.0551,16,0.6935,7.80653128174635,6.095912828445434,1.918259999496313,1.3371811936110958,19.474103378276407
661,0.0204,2,0.407,7.66983403549064,5.6755175995826725,0.6356215265747547,1.3290473257601711,16.98893340864146
662,0.0122,4,0.6683,7.645966571764306,6.033971571922303,1.5008156993451947,1.447031642738367,19.2513567529263
663,0.0327,32,0.7035,7.849382219995771,5.883764629364014,3.3322280212546835,1.365460496622468,18.241584290795764
664,0.0612,8,0.6935,7.731861223601378,7.3389457321166995,1.2827064444686755,2.311374234923922,29.601287656412033
665,0.0673,4,0.1357,7.348415098542777,6.172187166213989,1.0248195048553959,2.352401355815655,21.814843276810002
666,0.0959,2,0.4724,11.046146757763164,9.027705760002137,2.1263500287172583,1.7197725925233183,42.228544529585065
667,0.0122,8,0.6432,7.388111243844032,5.457546210289001,2.4754433088395893,1.6888714434764254,16.31854869501499
668,0.0408,32,0.995,8.949689419610161,6.38824047088623,3.3745105343787825,3.448623492932778,26.3513101549383
669,0.0367,8,0.7286,8.274162566661834,6.41892786026001,1.6373141423954243,1.6554600680108853,21.97159145600038
670,0.0816,64,0.2563,6.641226954460144,7.788027987480164,2.5040903323845574,2.7284067631751356,34.04879169955708
671,0.0347,4,0.9146,8.36260239045422,7.033396000862122,1.8177956881430455,1.7647782498161635,26.291550787983745
672,0.0694,4,0.6231,8.448896445196409,9.620300345420837,1.2203502808987605,3.007338369944925,50.79713140372364
673,0.0776,4,0.4372,7.445845930092037,6.880534923076629,1.049268297219287,2.1298953226638293,25.939107456591184
674,0.098,8,0.7286,8.316425090432165,6.924177904129028,2.1248227960450095,2.221795729908169,26.440307956733417
675,0.0796,16,0.7789,8.485383165799654,7.515134534835815,1.894493149401598,1.7195481504277783,29.71704645916076
676,0.0327,8,0.196,6.4302783406239294,5.873163027763367,1.0961751939724553,1.3903359757214107,18.21353903803588
677,0.0041,32,0.3819,8.530883676665171,6.761115355491638,6.282653200706339,2.523833973965596,26.041209389203896
678,0.0347,2,0.6432,7.759729090314717,7.032692575454712,0.7634807261559512,2.1040907935953683,26.94298146427431
679,0.0755,32,0.5678,7.858721399647846,7.502961297035217,2.034370705829185,1.7041403591110453,29.599261294179755
680,0.0,64,0.6131,56.03759667873383,29.471007442474367,2.94530724220734,1.486631132900228e-06,434.2701398371908
681,0.0184,32,0.7236,8.329986320223128,6.901290225982666,4.395450095279232,2.4498591150071043,26.814808233313634
682,0.0347,4,0.392,7.030835435565276,10.089631180763245,1.376574612021024,2.2016403196136842,53.32393873038928
683,0.0429,8,0.608,8.292001979488594,6.0420852518081665,1.4049998230132594,1.6531982494229074,19.61992932100636
684,0.0163,16,0.4523,6.98012310404044,6.072941079139709,2.496351483914524,1.5286306224163733,19.60866246524582
685,0.051,16,0.995,8.357337081615741,5.8966658449172975,2.5879346156990763,1.4926873090729489,18.499391744640835
686,0.0796,8,0.4824,7.27584265353588,6.333528561592102,1.350365728228952,1.9897745877330413,22.036393475245557
687,0.0878,32,0.6382,7.722701013258526,6.2175586128234865,2.42399153661425,1.716419481763259,20.802065470635988
688,0.0143,2,0.5879,7.3622153996171145,7.818223218917847,1.0212595429770717,2.1654586716653315,32.906912779758365
689,0.0898,32,0.8291,8.159528772830962,6.594255766868591,2.2321433248537175,1.7290336347285982,23.236883214451233
690,0.0918,4,0.1357,6.6994326007509475,10.148609700202941,1.1330851994773434,5.181144398299666,64.91926806154262
691,0.0245,8,0.2915,6.6395016661744855,6.045168452262878,1.2180330715168532,1.2831314660972044,19.09524398776156
692,0.0694,2,0.0704,7.713256054088171,7.195883510112762,2.630000402192057,2.876207792975065,30.026655379741634
693,0.0327,32,0.4422,7.140003626346588,6.331206789016724,2.918190872506524,1.5695691685347901,21.273863390053226
694,0.0122,8,0.608,7.568028949269882,7.181046066284179,2.1083369461427606,1.6604122913876553,27.162195791743343
695,0.0796,16,0.4874,7.174801817673902,6.917726674079895,2.0916922933132307,1.4447147149954047,24.97107147250037
696,0.0224,4,0.4874,7.35344726216048,8.670049877166749,0.8964861502199885,2.1876440146178613,39.977775603626256
697,0.0184,16,0.2613,5.966214485535256,4.882286956310272,2.417718479542747,1.276199570268679,12.732705633455693
698,0.0469,16,0.5075,7.179738791172322,9.713814721107482,1.7500025188846144,2.945069585599024,51.51581565001242
699,0.0469,8,0.2764,6.404860471601669,5.869583637714386,1.7518905137130643,2.1795275863471106,19.60117628988625
700,0.0653,4,0.4472,8.177485795066906,6.508426408767701,0.9648196658772403,1.8348603353758852,22.863163384340268
701,0.0796,16,0.8593,8.01136618430798,6.194535391330719,1.5120620119233483,1.3870251569771224,20.148053750268115
702,0.0816,16,0.4925,7.609947615403395,6.651227240562439,2.4202234860464147,1.8751305560816016,23.877469203975366
703,0.0816,8,0.0653,5.442214652001858,7.9457604956626895,1.0688414792781433,2.981123507915612,36.011103611940435
704,0.0327,32,0.2261,5.772376369919094,9.563456597328186,3.478615885534105,2.694139607295933,49.35904515629034
705,0.0184,2,0.9347,8.16740326765562,6.55595324754715,1.365475055224538,1.847504019791278,23.196897043584475
706,0.0918,4,0.5477,10.872732552874545,7.125746929645539,1.4955030482934895,1.670695123210122,26.78374575003545
707,0.0224,64,0.4322,7.761205243468285,6.790010738372803,4.533887106387721,1.9375485782052846,24.929170160061645
708,0.0163,8,0.1256,5.525405519856856,5.501008577346802,1.5355559884690473,1.137568120552011,15.77757829846966
709,0.002,64,0.7136,14.859356258511543,9.424477801322936,12.567063527917133,5.9679572129100755,62.2186475613771
710,0.0265,8,1.0,8.528138139981492,7.547754778861999,2.3882977471420923,2.1175575253690644,30.72632603754065
711,0.0653,8,0.7186,8.486345130067606,6.021440687179566,1.6557025347159053,1.2755216016894213,18.942351652798937
712,0.0245,8,0.6985,7.501439911631438,6.001080448627472,1.367484735461339,1.5403949276370807,19.192891541994474
713,0.0633,2,0.5427,8.316219240082093,7.573269324302673,1.0656423595832198,2.993464495835893,33.15761897312696
714,0.0367,4,0.9849,9.014134307472178,8.077655191421508,1.0659657857784068,1.3044500309905795,33.475051637425075
715,0.0612,8,0.6432,7.833164062752174,6.374625110626221,1.7577963985202094,1.700350428329976,21.763518440074147
716,0.1,4,0.4372,8.391588642516961,7.2585500144958495,1.1480439367557789,2.9134913768883903,30.587490158070352
717,0.0571,16,0.3116,7.231607851890418,6.423511304855347,2.0005788801290643,1.5267843923413134,21.796284032150734
718,0.0837,32,0.0302,5.320220115525383,9.372492961883545,2.192219676861425,2.830927243237081,47.928886688529246
719,0.0041,64,0.6834,11.182044928073884,6.2737365293502805,10.680741612893701,4.4908344351473595,29.7636819818047
720,0.0224,16,0.0854,5.354740509803478,5.247119176387787,1.89396894206378,1.9961118989234046,15.758361182120023
721,0.0837,64,0.2764,7.056673399209976,10.135448064804077,2.1712656626602462,4.146971015305508,59.96233803806235
722,0.0122,64,0.9849,9.908228744864465,6.666574282646179,6.942238302574807,3.1199530758361953,27.088659930729577
723,0.0286,2,0.598,7.557950389522861,6.082497456073761,1.161138189763149,1.7943512829016162,20.108235914797223
724,0.0184,4,0.397,6.520249300673604,6.178795778751374,1.095863543016481,1.6306938152288477,20.418339797270708
725,0.0673,4,0.3819,7.776881701977779,6.308283469676971,1.0054922099136125,1.6441668880430478,21.248862544768443
726,0.0449,16,0.8291,8.557535094297851,7.1427619886398315,2.1448610350114548,1.6405869592708533,26.85528719864381
727,0.002,2,0.7688,7.939587946876599,6.496593747138977,2.5703518552481803,0.9797705678923774,21.582840340536706
728,0.0469,4,0.4623,7.283876785160256,7.426853365898133,1.0150867672742159,2.2999400142544024,30.223937493860483
729,0.051,64,0.9698,8.56713835299015,6.820934686660767,3.1747680902225435,1.815684005499031,24.91092920375851
730,0.0245,16,0.9045,8.110548132841405,5.757759644985199,3.4107621859531783,1.3809337966510453,17.529387140076572
731,0.0694,4,0.9397,8.75603798112617,6.7414741039276125,2.0605815727807895,1.8171687069385134,24.374787601701595
732,0.0388,16,0.0151,4.754315107189692,7.464272553920746,1.5961904614143874,2.5909174978337943,31.214109119897934
733,0.0122,16,0.4523,6.725568656829688,5.602043724060058,2.9781110997736926,1.7723358110015426,17.26203405661959
734,0.0939,32,0.7286,7.780338661330087,7.152958021163941,2.3197647346280688,1.7561971113790664,27.124518373274867
735,0.0204,64,0.9899,9.091272901892662,5.790859999656678,6.215347956519572,2.6068816662583076,20.164945778748713
736,0.0571,64,0.9045,8.408756277561189,5.874656286239624,3.5562452667861097,1.815666303756544,18.90411530402584
737,0.0245,64,0.5226,7.710736964941025,5.4819398427009585,4.464551955746673,2.4203798928247413,17.95495163229126
738,0.0653,8,0.4874,7.794605949062568,6.1926327991485595,1.0995975537990392,1.401897112266418,20.157008249235723
739,0.0388,4,0.9698,8.91807997632485,5.361871094703674,1.2704140222984477,0.9519705717274165,14.8279548028269
740,0.0633,16,0.2513,6.32552762251634,8.345078320503236,1.6511420594364155,2.4960889266715056,37.9353960525926
741,0.0755,64,0.6231,7.552812131047249,6.162624790668487,3.1739623226555347,2.441679133340929,21.969870650377164
742,0.0327,2,0.0955,5.762392551889979,6.457626886367798,0.9079957707155565,2.0753889508096246,23.004092150341467
743,0.0265,8,0.3417,6.432256720593341,7.109503901004791,1.4810500472050168,2.4368338628561337,28.241602496782345
744,0.0306,8,0.9347,8.16210255991954,6.082803997993469,1.5101929018545042,1.2642494328195877,19.29941555319499
745,0.0082,4,0.9648,8.341327718155316,5.83851224899292,2.1693756669538686,1.3921353614265266,18.013133073087268
746,0.0878,4,0.8844,8.97019719815025,7.036688055992126,1.2503474329881,2.2736263586809433,27.34217780811551
747,0.0102,64,0.7889,9.71462266623974,6.529426727294922,7.045852375864291,2.887717242060887,25.48616212860451
748,0.0837,8,0.9397,8.71723831305137,6.701094980239868,1.0138419941541648,1.5725564278762822,23.688803826525486
749,0.0959,16,0.4271,7.782401074262766,6.837245264053345,1.9087108453135357,1.3699316842420461,24.312317810155072
750,0.0224,32,0.2211,6.276424128328051,7.633208246231079,3.1316630377818337,1.2559004317268372,29.9215770123709
751,0.0571,8,0.2161,6.746512059706907,9.446177616119385,1.2269459375010894,2.5003974973691125,47.741129600062315
752,0.0796,4,0.0352,6.105158060276165,9.48550743818283,0.9161620220801628,4.413961446363498,54.72895350490258
753,0.049,16,0.2211,6.453522646610553,7.258136897087097,1.485107125613303,2.213734046691903,28.790584823170015
754,0.0469,8,0.005,5.07322689214578,6.026044485569,1.386729213617157,1.785293838373136,19.75024311569482
755,0.0776,8,0.8894,8.463525986923623,6.468071894645691,1.8287319099502415,1.859340905795951,22.646551319135803
756,0.0918,32,0.5075,7.401357448101043,7.154160537719727,2.0966203658393345,1.7097510000184022,27.052630740765068
757,0.0592,4,0.9698,8.71726479914899,7.007976121902466,1.2504326620712458,2.0391416327235765,26.634913961730852
758,0.0714,64,0.7739,8.645908889770508,7.486714577674865,3.5617426780187214,3.8257449233336067,35.3436096929911
759,0.0551,64,0.2965,6.589474701583385,5.500040001869202,3.322383506343271,1.4205082629554255,16.134141873643006
760,0.0265,2,0.7789,8.878240445530794,5.7763180160522465,0.788650853211046,1.1952105409434817,17.39718902987609
761,0.0918,4,0.2814,8.206348282442644,6.73658221244812,1.4795465616591361,2.3541549659219223,25.46179275432363
762,0.0796,16,0.593,7.507590347528458,7.245999555587769,2.3041761729718746,2.2600007109799005,28.8060563866039
763,0.0571,32,0.1407,5.5086984223978845,6.234275772571563,2.0674676193489963,1.9542521448759544,21.342647927112516
764,0.0163,16,0.9648,8.623225558446004,7.054914975166321,4.042768428863558,2.2268482119576376,27.365339132962472
765,0.0857,8,0.3869,7.960822031910604,5.669412548542023,1.3198735987597978,1.3057737175493769,16.923641823504237
766,0.0306,16,0.5226,7.450079336808277,5.221207687854767,1.9424409400545617,1.4885864152799009,14.738449617734792
767,0.0122,4,0.6834,7.430753019326008,5.998613047599792,1.5522041309713206,1.3332360614124683,18.880438445142552
768,0.0633,64,0.3618,6.860571693778038,7.782831063270569,2.8984949948933467,2.0518286161531356,32.39123001473709
769,0.0184,2,0.1457,6.130007491621609,7.001836020946502,0.9463247037648272,2.107798659418056,26.73426142643425
770,0.0469,2,0.9497,9.639175193372111,6.926183304786682,1.1836233331133974,1.640614933322491,25.331816265473265
771,0.0163,16,0.5779,7.172420441462444,4.492478969097138,2.492070611998482,0.6962153266449335,10.333541534417696
772,0.0592,64,0.1608,6.180398372709751,9.66161277770996,2.5950816337180065,3.0841151305454404,51.42926380243385
773,0.0694,32,0.7588,7.844021113259451,8.207558178901673,2.8255327059516366,2.3088423306859203,36.34738208401147
774,0.0429,64,0.7789,8.89210367679596,6.309455924034118,5.034830584060981,2.8749815068305167,24.037376360973347
775,0.0184,2,0.6683,8.12741487266281,6.514080920219421,1.0352473095381665,1.43186987614858,22.241750788694226
776,0.0776,16,0.0251,5.531555266196912,9.60655133485794,1.2819706504242698,3.3553871931105594,51.77222588247562
777,0.0939,64,0.7638,8.21659854054451,5.8580671048164366,3.328363130818207,2.1337036186130645,19.434820668307456
778,0.0673,64,0.2965,7.260773580074311,8.217556929588318,3.1705772483975556,2.675093090678175,37.34218246740954
779,0.002,16,0.5075,9.412921098929184,7.085604343414307,7.003064768686306,2.5041046693937172,28.238164553345552
780,0.0592,8,0.2663,6.283280842648104,7.679928288459778,1.1010500209812757,2.552331424181008,32.747847107373296
781,0.0245,4,0.3668,6.468345465172944,9.393034818172454,1.3599316941032795,2.9798354288350613,48.554261139170336
782,0.0224,64,0.3166,7.467249166965485,6.1581479263305665,4.849679813749445,2.972556173137028,23.379438042512255
783,0.0041,8,0.6734,8.092597219668901,5.795291333198548,3.686137355538309,1.1769181842678669,17.485269024553283
784,0.0449,8,0.5528,7.2781919109362825,6.686330947875977,1.2251666849283638,1.5874163138344417,23.613456048975895
785,0.0571,32,0.7789,7.957580606937409,5.791435897350311,3.0111328894897067,1.6429118914754226,18.119944618134575
786,0.0592,64,0.7487,8.176954119205474,5.9281316041946415,4.007522739310999,2.384937875318586,20.41533649289023
787,0.1,8,0.6432,7.849820876098596,6.031905376911164,1.1686548412505988,1.868269653771653,19.93715698760693
788,0.0612,16,0.0302,4.9524802679281965,10.276597294807434,1.7259706033499467,4.3288082117342555,62.1735162468107
789,0.0898,2,0.7186,11.827769003030488,8.610157556533814,1.202981998995876,2.167746733186922,39.416969523789454
790,0.1,32,0.3568,6.547969519070216,6.43301598072052,1.8960709934430509,2.0544537552680926,22.802237420370382
791,0.0061,32,0.6884,8.789742149284908,6.272081770896912,5.637109593959533,2.27533727007024,22.258084716694015
792,0.0898,16,0.8241,8.48871865089123,5.981937298774719,1.3096704625508127,1.2711500158957363,18.699698104691954
793,0.0857,8,0.196,6.364718557481583,7.349260811805725,1.5636913287297316,2.813216653353894,30.962911209325515
794,0.0245,2,0.0201,4.9621391337183125,6.320091824531556,0.874544533922977,1.9822665405441007,21.936470654135643
795,0.0531,4,0.794,8.172438757878083,6.738715720176697,0.9947219181444018,1.734518716942069,24.20942236838945
