"","PAR","TAir","VPD","Precip","CO2","fAPAR","GPPobs","ETobs","DOY"
"1",0.400359352388597,-9.33824892126271,0.00856173196622089,0.698934972391753,380,0.8039802775,-0.000529444477864619,-0.0570372722665094,1
"2",0.162619249675332,-3.48445952174519,0.0162547559841765,1.59972810634853,380,0.8039802775,0.100873640796171,0.062593126528016,2
"3",0.225393919279567,-1.89554177878338,0.0109078671291549,7.00063089778488,380,0.8039802775,0.0124348384165912,0.0507215107172667,3
"4",0.478544902409243,0.382135589846278,0.0143974215154911,0.800023644932679,380,0.8039802775,0.0335123867635046,-0.00168609234681786,4
"5",0.930607713038619,-1.0699050508769,0.0297394621074567,2.30035177597261,380,0.8039802775,0.0719546142604571,-0.0122740799776959,5
"6",0.421575066228289,-0.0935960613465076,0.0373530617412161,0.0996568066338849,380,0.8039802775,0.0794457435364064,-0.0369728838258148,6
"7",1.14270956120941,0.706461402530691,0.0593879246546171,4.89938623618461,380,0.8039802775,0.116053200931227,-0.0663769916965498,7
"8",0.202378076387409,2.99062997535171,0.119631805011894,0.100805348082722,380,0.8039802775,0.0175040210290907,-0.0640169004557882,8
"9",0.864022831931504,2.47674499200512,0.139783949828111,0.00245794717717637,380,0.8039802775,0.124818618631358,-0.00722881438014619,9
"10",2.27633424101952,-1.59908982181982,0.0496306853189291,0.0015689871804504,380,0.8039802775,0.089690583243604,-0.0193319831730236,10
"11",0.214297065080149,0.460963576434692,0.0466925855887202,0.0997827354070655,380,0.8039802775,0.0323377522139607,0.029705381392153,11
"12",0.243929156022317,1.40126993232789,0.0356509933958274,0.30137854014841,380,0.8039802775,-0.00854714950107452,0.0493036101668143,12
"13",0.369259571820324,-0.202995824319055,0.0196439142009311,0.59964791270143,380,0.8039802775,0.0100599288875744,0.021765736559416,13
"14",0.871323444030409,-3.66817161112379,0.0367641560702676,3.49925175475127,380,0.8039802775,-0.00835301627471641,0.0632554145212765,14
"15",0.692592578591322,-2.36970506087317,0.0324664930676562,0,380,0.8039802775,0.0305656967421421,0.0851379282954508,15
"16",0.319344321847694,-0.0664381123227729,0.0297474896423233,0.299692707934124,380,0.8039802775,0.0131592889167228,-0.0495389485702729,16
"17",1.64607986455233,-0.615907382008908,0.144902330551504,1.79973223010545,380,0.8039802775,0.257764624549594,0.011017240375056,17
"18",1.35646739689421,-8.01142878193627,0.0765765284833748,0.00122918253249952,380,0.8039802775,0.0286208290392181,0.043377751793109,18
"19",1.00161450891969,-8.23872704927997,0.0262094132096519,0.101291523857475,380,0.8039802775,0.193907841936107,0.0309343865184774,19
"20",0.687396529247161,-9.74632287698343,0.012710756699897,1.69817194828615,380,0.8039802775,-0.0193343521654892,-0.0083041621379216,20
"21",1.43578883899212,-12.3993170299962,0.0199783128857998,6.29885646279349,380,0.8039802775,0.110596737958617,-0.0147438521774694,21
"22",3.82713499913019,-12.2100713336922,0.0187264259551303,0.199234411683563,380,0.8039802775,0.115424059074943,-0.0107177228462473,22
"23",1.55576240596523,-11.7148554811088,0.0131955912345553,0,380,0.8039802775,0.242998768651988,0.0200310531793943,23
"24",3.64725230170319,-14.3937021270394,0.0220913987767616,0.200846492276187,380,0.8039802775,0.139047637358406,0.0586743187928021,24
"25",0.989554305549624,-12.228357523923,0.0127999813874698,0.000123242463532603,380,0.8039802775,0.0805849686372012,0.0309034342210213,25
"26",2.1271197450469,-2.48053383614832,0.0307567351802103,2.70141257012467,380,0.8039802775,0.0932185850418758,-0.0430906533012319,26
"27",3.63949821502854,-3.225717564336,0.0645530420461891,0,380,0.8039802775,0.104636382944625,-0.0395716228553497,27
"28",1.88530489102996,-6.73626991549687,0.0462656272355166,0.101257413853222,380,0.8039802775,-0.0020336403308579,-0.0147876073925302,28
"29",0.61693672942855,-5.55275486624809,0.00821884594844881,2.29972884628015,380,0.8039802775,0.0652807458082605,0.112107484692034,29
"30",0.975393762420328,-3.44666871288866,0.0413167787175218,6.7987069384857,380,0.8039802775,0.217716168718135,0.0579071640956451,30
"31",4.92699179676003,-5.85720629228605,0.102663827727776,2.40103411253001,380,0.8039802775,0.234522218893947,0.0326160132664115,31
"32",4.9016345866913,-2.60537177765474,0.102329659627144,0,380,0.8039802775,0.245406162832447,0.0225626923218321,32
"33",2.27077891663477,-6.02720105100099,0.0115062166669768,0,380,0.8039802775,0.0408183502342274,0.0217383511293766,33
"34",5.04129838592323,-8.72896696257471,0.0177929780950233,0,380,0.8039802775,0.291173533189514,0.0120537485607401,34
"35",1.68866988845982,-4.04450182289476,0.0486807128672301,0.00109475791662535,380,0.8039802775,0.0913811898719416,-0.0218869488937659,35
"36",5.26113315715061,-2.74003690426236,0.144145015115784,1.70060515710744,380,0.8039802775,0.146341163797771,0.0596802350340149,36
"37",0.956864771226226,-0.657974300392445,0.0402397139769334,0,380,0.8039802775,0.0859694467284964,-0.0643328904974086,37
"38",2.8529500856807,0.303352901855388,0.0456044506194139,3.49892033628467,380,0.8039802775,0.203500704115708,-0.0112425269499377,38
"39",2.51427886444236,0.605374645026245,0.0433176275334537,3.69927146187091,380,0.8039802775,0.14165844967202,0.0294027011753769,39
"40",2.50288167931942,-1.41354568360404,0.0349194362245689,0,380,0.8039802775,0.160299672165274,0.0242152921690818,40
"41",6.03700322581721,-2.75428810165861,0.0538763647404448,0.200160528043538,380,0.8039802775,0.0577336872843108,0.0666200857668618,41
"42",4.42563333957802,1.01625549154077,0.0851010857952091,3.40185026119048,380,0.8039802775,0.176787770555466,-0.0143881407718061,42
"43",5.70168150082169,0.236665181280084,0.114027256380521,0,380,0.8039802775,0.0729122628351634,-0.0824417958380489,43
"44",1.4261753914389,-0.161795135592905,0.0568374364058766,0.00112081634450219,380,0.8039802775,0.19928699747304,-0.0322570657266501,44
"45",3.5602076932228,-1.3035954867968,0.049133011298066,2.49905929318773,380,0.8039802775,0.155902368946218,0.0715433848024894,45
"46",3.67333812780251,-4.5478922617377,0.047380618626396,0.000751253531383575,380,0.8039802775,0.104611003000767,0.0635450089907572,46
"47",2.35789387755441,-1.60252829281386,0.0245106487105424,2.40055675866511,380,0.8039802775,0.109022824032115,0.0488545251541343,47
"48",1.2339746021242,-1.71866006382554,0.0218960138582777,3.99845351553196,380,0.8039802775,0.0101145222706578,0.00698090530722397,48
"49",2.59607527649456,-6.03873477026765,0.0360740164832218,4.10080953847199,380,0.8039802775,0.0375960667309154,0.047127208993007,49
"50",3.49268984210437,-4.51065140072406,0.0498344711930215,0.400732500547951,380,0.8039802775,0.0711876793203062,0.058517682502931,50
"51",5.06240080648199,-3.77880264419081,0.0514676972754475,0,380,0.8039802775,0.103581909120689,0.0419039101850718,51
"52",6.5050633954456,-8.08365078822719,0.0275767789488207,0,380,0.8039802775,-0.000647051523923526,0.0661195516960662,52
"53",5.24991068267752,-9.88339822617248,0.00897964807269806,0.801444057750823,380,0.8039802775,9.17208165542004e-05,0.0167570324375417,53
"54",11.6095163627624,-10.491120355332,0.0229228585789636,0.101256204150859,380,0.8039802775,0.0649546178779018,0.0405870466449849,54
"55",9.05132411927166,-13.054242562004,0.0223084998474652,0,380,0.8039802775,0.0818235521064088,0.0429529426226529,55
"56",6.06977127050813,-9.5257378659483,0.0180926079739775,0.0995153545400315,380,0.8039802775,0.231230324429305,0.0763927124513419,56
"57",10.6939551868349,-8.93981752457955,0.0187449863865803,3.50075995330646,380,0.8039802775,0.271467526019857,0.0922350655972219,57
"58",3.29037194123638,-2.90253794364111,0.0220460420131248,0.200153164648349,380,0.8039802775,0.0789816505677723,0.0527804552166841,58
"59",0.759979375808175,1.97356349574781,0.0339572330407358,3.49878052760757,380,0.8039802775,0.208267223827923,-0.0368881228588054,59
"60",1.70897109276276,2.09652078855768,0.133470551910957,4.99836316751954,380,0.8039802775,0.221419145917563,0.0448469345314372,60
"61",2.7658564427435,1.1302288016461,0.0696015267119317,0.000974774684412532,380,0.8039802775,0.230512947756864,0.0503694713932085,61
"62",3.80725093183907,-3.51095692801447,0.0410596756972063,10.8995390319264,380,0.8039802775,-0.00119439021697102,0.0351627701323848,62
"63",4.96336212016257,-3.62651987305896,0.0337945065671804,0.302480851509644,380,0.8039802775,-0.00105549242993962,0.03861710610661,63
"64",6.16836513612897,-2.60786316379103,0.00852774944107203,13.5983034661162,380,0.8039802775,0.134473612325321,0.0173258649175474,64
"65",7.45071696983596,-7.01687539560612,0.0250918455501197,6.19947644869291,380,0.8039802775,0.00116864726110018,0.0225038075850813,65
"66",8.8100088440819,-6.59739907076364,0.0183664802313412,3.09891855420595,380,0.8039802775,0.000862373837426096,0.0954824037066385,66
"67",10.2298281713956,-2.88319338496783,0.044783852481522,7.29908218078631,380,0.8039802775,0.132501988320229,0.0751164785678802,67
"68",11.723903465129,-6.31912142709257,0.0672487309853991,1.70030896532055,380,0.8039802775,0.0183346830724256,0.204486793607395,68
"69",13.2719817358853,-7.46369282588511,0.0422729360714931,0.00193513535962271,380,0.8039802775,-0.00208114956520008,0.178481888187087,69
"70",14.9436101429002,-4.99983371987903,0.0731393003233043,0.201313668716449,380,0.8039802775,0.227487804469309,0.196656295021802,70
"71",20.1445975761914,-7.35325884334786,0.0782817765848164,0.00170609533352954,380,0.8039802775,0.402561565677543,0.390705200685351,71
"72",20.7160238168265,-5.75776184642103,0.158757792336251,0,380,0.8039802775,0.393814962684121,0.372078467941535,72
"73",5.7341573149435,-3.13042452641443,0.0370408866797613,0,380,0.8039802775,0.377988163551002,0.0982037002186556,73
"74",5.02427310565177,-0.280445251157786,0.0204116520002167,2.8014863253711,380,0.8039802775,0.260612357445691,0.0430008149975503,74
"75",19.8335630144628,-2.91198442747702,0.0681677021258203,3.29992730943409,380,0.8039802775,0.319663620120287,0.342629706872204,75
"76",19.7443059675502,-4.32938892986163,0.10863670289264,0.00107724505131237,380,0.8039802775,0.399202581534906,0.551698604214064,76
"77",18.3972249581736,-1.61677303795605,0.0689175106357677,0,380,0.8039802775,0.1682782932622,0.11169442045651,77
"78",18.8377624263456,-0.707552276007272,0.0614495919541664,0,380,0.8039802775,0.241796060352026,0.04776527663124,78
"79",19.2544271549344,-0.451210968891457,0.100955613070887,0,380,0.8039802775,0.375164117637095,0.156718219530593,79
"80",19.7310468395658,2.76325988522632,0.224747614995532,0,380,0.8039802775,0.394229305327508,0.16997173810087,80
"81",20.3902668123312,2.11650635639661,0.286761464949271,0,380,0.8039802775,0.357126144900278,0.326440647637605,81
"82",25.3284455219001,0.248993178067562,0.202707863092509,0.499644782500081,380,0.8039802775,0.730911332425208,0.457692135480408,82
"83",18.5195410113363,-1.01708426610116,0.155004965898473,0.00243080000006174,380,0.8039802775,0.490493448389479,0.233935242774765,83
"84",25.2399510229132,-0.526498817307185,0.218235188483156,0.000702463300287159,380,0.8039802775,0.684453239349876,0.262387462616297,84
"85",21.72631012134,-2.36762334565563,0.193643655137774,0.000119357352015079,380,0.8039802775,0.502529950862606,0.212347116617684,85
"86",27.3050495837885,-3.75615029270034,0.198157947160451,1.34161244863249e-05,380,0.8039802775,0.478388984066627,0.186040836581752,86
"87",28.2851214222428,-3.90145958151389,0.213770448032375,0.000703523405901099,380,0.8039802775,0.654108699223149,0.193057218830517,87
"88",27.5201616898123,-2.36100958116604,0.280644957120767,0.00169036873027693,380,0.8039802775,0.379008968457218,0.266543312186586,88
"89",28.4590431386315,-0.927410479042221,0.301630437390872,6.06880424061554e-05,380,0.8039802775,0.241552420107949,0.384114339266996,89
"90",30.3765530496465,3.7925944593558,0.276711912891484,0,380,0.8039802775,0.556433848369636,0.00769863682224267,90
"91",21.2642356309597,4.22100233374444,0.302870930698179,0,380,0.8039802775,0.651721493732551,0.0872442979310742,91
"92",17.1986010772799,1.49547649586774,0.208008878915492,0,380,0.8039802775,0.627287086213427,0.128847100329555,92
"93",26.495189073492,-4.08901212737716,0.250598891349896,0.200543046307586,380,0.8039802775,0.561576501217953,0.27518633849627,93
"94",10.3284204008884,-2.4671180368747,0.109426812005879,0.000238403247502975,380,0.8039802775,0.37319843440177,0.240237248250872,94
"95",16.0903970029459,0.975954940498176,0.0818774681305708,0.998746273842196,380,0.8039802775,0.821302974656486,0.179713549939568,95
"96",3.81686664985253,0.277292309107098,0.0517394429624202,12.0006614166804,380,0.8039802775,0.359028873044401,-0.0130010199125991,96
"97",25.2298934585761,0.0482003798229845,0.227328627680687,3.10111101297117,380,0.8039802775,0.486690498695054,0.469245478547126,97
"98",33.0306120853979,1.32905284635126,0.318969434260952,2.93071041851487e-05,380,0.8039802775,0.87017672211945,0.313804730531728,98
"99",34.6022728040665,1.40107121617702,0.351165095246134,0.00241820822683384,380,0.8039802775,0.872319061032092,0.341242218317778,99
"100",35.301331654126,2.43217604709488,0.353953701026651,0.000599234155767418,380,0.8039802775,0.736534820526636,0.0917640364146458,100
"101",27.9987945357511,4.51808706190138,0.369873754805264,0,380,0.8039802775,0.885255941393578,0.129746369128261,101
"102",7.30096940368308,2.25811666165346,0.0864835248720566,0,380,0.8039802775,1.12057848078148,0.0842691043876265,102
"103",17.5601681895897,3.01280926584417,0.157417882347829,0.200711292971591,380,0.8039802775,1.8691054799121,0.268634211651306,103
"104",31.2898594726529,4.38236119636666,0.208465299872034,0.198496699260165,380,0.8039802775,2.07429206374067,0.229166167315705,104
"105",6.11175848076751,1.44914934948459,0.0223701122191655,6.00197980969779,380,0.8039802775,0.948618277751467,0.0809470473302115,105
"106",10.3109531196074,1.82376224352943,0.0606696675714733,6.60055996626017,380,0.8039802775,1.3079429063536,0.135538683779015,106
"107",28.6590689141386,4.26348691973016,0.209701129548173,4.59893142987064,380,0.8039802775,2.39603913954946,0.651709002159254,107
"108",8.50454448298734,3.81628990276131,0.0720467108122561,0.100347715016093,380,0.8039802775,1.45283544643748,0.091286492740634,108
"109",18.8914422396424,5.76340157957915,0.184266703623776,6.09847905412379,380,0.8039802775,2.87754988980632,0.333445493593787,109
"110",33.5506850852436,9.80787855596983,0.428531076784661,0.699541619795984,380,0.8039802775,2.63955800010025,0.508279915122118,110
"111",17.9424413888493,9.4411404248946,0.283175330795084,0,380,0.8039802775,2.70783326943565,0.274062663425266,111
"112",34.5492247972868,10.3407339528032,0.412347837865881,0.0987917055781584,380,0.8039802775,2.8348210205485,0.326660402346391,112
"113",33.6221367173876,9.38521191287112,0.392833681668863,0,380,0.8039802775,3.00528082657716,0.378209396376619,113
"114",25.9468957486429,9.69987985224305,0.467599385625037,0.00049005648148148,380,0.8039802775,3.04400090612528,0.65186765230042,114
"115",17.0695945675483,9.63944218164092,0.187898603394051,5.09976180378107,380,0.8039802775,3.34811554077171,0.577452082798779,115
"116",20.6799457718467,9.88531817700416,0.313665696540332,0.200635110745885,380,0.8039802775,3.23634612787467,0.441559810378886,116
"117",31.0834082959238,6.14431125510296,0.250098628647367,0.000506747624093076,380,0.8039802775,4.51486391920333,0.581186252217771,117
"118",22.254085372565,5.9736683295284,0.466755386036421,0,380,0.8039802775,4.10434640268408,0.842388155292892,118
"119",16.1952643265719,5.96518135538814,0.19920939566762,0.100121614978565,380,0.8039802775,3.13323481813381,0.429302875679887,119
"120",17.1234241686028,7.74300800617556,0.194901645913286,5.20034856358246,380,0.8039802775,3.79361334936183,0.480823599731161,120
"121",44.4819738374435,4.79542176955604,0.404624746325283,0.00157096212668031,380,0.8039802775,4.72747954450626,1.13582114164606,121
"122",44.4546774962935,3.526933091698,0.485332549496373,0,380,0.8039802775,4.20102965039574,0.981787558758616,122
"123",35.5602250498418,5.46826510926614,0.548777647619528,0,380,0.8039802775,3.3158323257305,0.918301053972386,123
"124",8.46234184381183,5.19487908901503,0.175854270304221,0,380,0.8039802775,1.76560230282097,0.222573867650766,124
"125",41.5217451730449,7.04072036218225,0.380794494559397,6.40130583413915,380,0.8039802775,4.90912561473094,1.69457801501777,125
"126",39.8705567304001,8.37743733272998,0.516558248692447,0.000203216504189374,380,0.8039802775,4.40523368776946,1.18793663909629,126
"127",47.2333023480634,6.08786957163669,0.524413529755927,5.4362699520479e-05,380,0.8039802775,4.79627185844334,1.18890190110917,127
"128",42.6837234799472,8.23917854007509,0.706321729541773,0,380,0.8039802775,4.08242230817236,1.04651059062526,128
"129",39.6807580135092,9.06605869380191,0.553276402192132,0.00148947614996618,380,0.8039802775,5.4080883078657,1.03213945542042,129
"130",46.9944174483426,11.3274268881947,0.669096444086877,0,380,0.8039802775,5.07828996507769,1.10469242619102,130
"131",38.7254989093682,13.6651839262483,0.765631391089902,0,380,0.8039802775,3.6631602527364,1.11004393702909,131
"132",28.8153843060513,5.06371392902001,0.399584772529225,0.0025687285860224,380,0.8039802775,4.68281351901701,1.21092506395121,132
"133",37.1085263045417,1.9743860586474,0.395941771821904,0.899823297555161,380,0.8039802775,4.31859232927838,1.03817760078378,133
"134",20.3825440962927,5.67906477079489,0.344235771683965,0,380,0.8039802775,3.46021967305313,0.764027138632859,134
"135",2.75474757995635,8.26257639460184,0.539473573660624,0.298360294999438,380,0.8039802775,4.40260974687516,1.31001435831405,135
"136",6.70466386968988,9.72668148589616,0.59296450284801,0,380,0.8039802775,4.98093977736793,1.28070904538348,136
"137",10.7219002805813,8.53917795509417,0.665593524655345,0.000889726315844429,380,0.8039802775,5.41780823746065,0.946497155783863,137
"138",37.3019615889455,13.0834014594863,0.849128596688317,0.598991672214702,380,0.8039802775,4.84000251536686,1.56422491353088,138
"139",43.9998608284013,14.6560608618037,0.916563724711435,0.000832282850665967,380,0.8039802775,5.5105912364193,1.55122734580595,139
"140",41.4732190772388,16.0015644851775,1.0423207459346,0,380,0.8039802775,5.21596727596221,1.26594219858611,140
"141",50.4366671601653,15.7182713940319,1.12749092844722,0,380,0.8039802775,5.7197176412006,1.54839699971863,141
"142",46.6389966759853,13.4302639909626,0.847032045108689,0,380,0.8039802775,6.8414530868184,1.49597017191933,142
"143",13.8873046096235,10.6452315054833,0.269099921861324,7.75397452039732e-06,380,0.8039802775,4.39965870674157,0.430435848255735,143
"144",44.5267402404051,10.5769061634371,0.292983131557207,0.000310561873153079,380,0.8039802775,6.10999822003095,0.94867360304055,144
"145",37.1255320374881,12.1733202836184,0.516774258899692,1.90027591810825,380,0.8039802775,6.09547871271867,1.80049852271854,145
"146",23.795016043219,11.5279373482304,0.42436812308351,3.50043718889172,380,0.8039802775,5.05346944300605,1.34589572108303,146
"147",11.0975162311219,8.29052467130457,0.100572843381179,10.9006336867751,380,0.8039802775,2.62240792297183,0.350363667716473,147
"148",52.4124915427249,10.2974579964775,0.575709264040784,6.59957464550603,380,0.8039802775,6.11369630148638,1.94241907650936,148
"149",41.9802300874669,11.588699785384,0.588654067083768,4.70090827703406,380,0.8039802775,6.16906916736751,1.94174049389944,149
"150",11.4187356275616,10.4770861466274,0.213863636434162,0,380,0.8039802775,3.63807244719901,0.329926290611582,150
"151",21.1529767463519,9.98840364000878,0.358904118236342,3.29955083617212,380,0.8039802775,6.13287291103543,1.01018816978172,151
"152",37.2997008847754,8.97615293026134,0.365472461789146,0.0998752018943685,380,0.8039802775,7.01703903544907,1.52799558223823,152
"153",40.1222113427405,9.91429662845659,0.428245938108143,0.601333909208677,380,0.8039802775,7.21812007551923,1.25675072476588,153
"154",28.272751069393,9.15697254691701,0.243437658328905,0,380,0.8039802775,5.29328545112101,0.804269644076076,154
"155",25.7483936891323,8.59156173431402,0.281125611825765,7.30014476912898,380,0.8039802775,5.62878199501171,1.00787600745061,155
"156",10.2573927406936,5.23045929791931,0.116289578184187,1.69986477592204,380,0.8039802775,3.6518235144002,0.0166375190870028,156
"157",30.2138673010529,9.13858050645807,0.359864945984017,1.90021973956981,380,0.8039802775,7.19066012632554,1.29865542169599,157
"158",33.7511578296252,10.6123926979127,0.381934192061701,0.101730351018656,380,0.8039802775,8.0229388322982,1.22532357535904,158
"159",19.138846851372,9.33504457353353,0.168258903981878,0.00102205938420507,380,0.8039802775,6.00106435304751,0.894838288777395,159
"160",13.5134835199774,8.09466365057676,0.0576560098173516,7.50051016740915,380,0.8039802775,4.21672634538537,-0.000321516105018355,160
"161",44.9147878759597,12.7993837458236,0.639762957337245,7.99897446318966,380,0.8039802775,8.19204349023989,2.18709773285095,161
"162",54.6391220270466,14.610105028811,0.922738218241827,0.100174231952626,380,0.8039802775,9.05004631517192,0.242962741793503,162
"163",42.4883050849484,18.0584711152084,1.0524252040474,0,380,0.8039802775,8.45063819613557,2.07306448088513,163
"164",27.3509976531978,12.7739870438002,0.4789508560782,0,380,0.8039802775,7.30039318606938,1.22498723228695,164
"165",38.5053971434786,13.3608471063821,0.594971465190643,0.101629875911774,380,0.8039802775,8.04971851196606,1.79882052108515,165
"166",41.9385870246418,11.9738915087919,0.696724377280377,0,380,0.8039802775,7.82713598116937,2.05497882186076,166
"167",45.4528796324875,9.86021594097457,0.556339957631234,0,380,0.8039802775,8.03403909492726,1.85601496212269,167
"168",33.0590667755279,7.69807438463862,0.359298291236202,0,380,0.8039802775,8.9493198747105,1.40764356781777,168
"169",27.9682762591221,6.87645257385218,0.445323456400788,0.00128934314976173,380,0.8039802775,9.00714607161963,1.60364738476693,169
"170",45.7510899736187,9.80651121714603,0.644027257861396,0.000761572081865035,380,0.8039802775,7.96290157104148,1.57399361174582,170
"171",27.4789986490088,11.2124369828723,0.3326708809443,1.20051744610267,380,0.8039802775,7.40222312117726,0.373462358980461,171
"172",37.2438932968257,15.3633129546263,0.633810787304416,0,380,0.8039802775,8.50434310246853,1.46788029360648,172
"173",54.7288061448888,17.5869182697162,1.28928158742171,0,380,0.8039802775,9.48558783477968,2.10194286953233,173
"174",47.0400056187267,20.8752799288087,1.30030494014958,0.00182157471309319,380,0.8039802775,9.59330390580264,1.56963914019809,174
"175",41.4692028944289,17.1980948230642,0.70211938453903,1.20066845130834,380,0.8039802775,7.51790079482114,1.82526081732617,175
"176",35.1843431744412,15.9083023135782,0.638409459365858,0.000555646696276728,380,0.8039802775,8.99270022208226,1.49731286203624,176
"177",31.5477797820196,16.7697045286143,0.698713542896202,0,380,0.8039802775,8.96575061688575,1.47680079019179,177
"178",12.7693996267404,15.2524790442348,0.135619939114412,1.00166477798538,380,0.8039802775,4.39116180606711,0.252235550676418,178
"179",22.2813718276916,14.1946549478628,0.311364413304647,3.00148325995472,380,0.8039802775,7.28260552264107,0.53498705994663,179
"180",38.5930628765186,16.282726317925,0.661363722954069,0.099453688873915,380,0.8039802775,9.34444015796224,0.86690080689928,180
"181",42.8253345692835,21.0002194781436,0.870337038916284,0.300748997322504,380,0.8039802775,9.08270110239553,0.923828794332091,181
"182",33.6888332861723,19.9985003476535,0.666319174108948,0,380,0.8039802775,9.37500805884777,0.736496058064675,182
"183",37.0343542280775,15.0418420935115,0.453589653772064,5.39924847570631,380,0.8039802775,7.94787850635868,0.802540221278069,183
"184",25.2054165063835,15.2551534089243,0.455193044580678,0.101107495098321,380,0.8039802775,6.45788210475126,0.56377129758736,184
"185",41.3139038062669,17.3061293341693,0.682407119971071,0.899887920674442,380,0.8039802775,7.30417771717672,3.26217150137363,185
"186",40.0226530814046,17.5205375451928,0.612094788535022,0.0984724782177228,380,0.8039802775,8.63675165520236,2.540466087848,186
"187",38.3887220968499,16.9118256616741,0.584568333673314,1.10124552103041,380,0.8039802775,8.17972716517596,2.49952419507374,187
"188",49.2734878493595,16.5987785470904,0.70294939694581,2.90128115286942,380,0.8039802775,8.96876633120828,2.89911766416633,188
"189",38.8029031911716,15.2640890313436,0.571139067579627,0.100120421577972,380,0.8039802775,6.93975466788745,2.37931096079166,189
"190",27.7545001266826,13.2199026076436,0.278136529522538,6.8998950109177,380,0.8039802775,6.69596032592301,0.145540983279544,190
"191",28.5652477959084,11.5158544402176,0.162203999513158,0.499056931865794,380,0.8039802775,6.56825869120473,1.50293875079757,191
"192",45.311536748565,13.5851957143171,0.555247181495536,10.5002458940355,380,0.8039802775,8.32885204910194,3.29914681578955,192
"193",41.619825889806,16.9940100932993,0.889977391578953,0.102374611297168,380,0.8039802775,8.09679173102273,3.49049695407516,193
"194",37.4293902005565,18.4269573990296,0.755205162825959,0.100502014734225,380,0.8039802775,7.54637671256889,2.4391009223871,194
"195",20.1372282337468,15.0928214887924,0.208157354389259,0.300244014375145,380,0.8039802775,7.39722036289751,2.09228790551783,195
"196",18.9140057647464,13.1687613453811,0.403954985349863,5.59967846189857,380,0.8039802775,7.09262965170814,1.71852531998096,196
"197",20.6606590285723,15.3579345175939,0.303437456798404,0.0996715419295843,380,0.8039802775,6.58737038081951,1.53394382155777,197
"198",22.6007210131422,15.2107040767033,0.0783001625055795,12.4006326769424,380,0.8039802775,7.1260978890165,1.76375481831707,198
"199",32.7497544756148,16.4100195175634,0.398047962161565,7.99856627958264,380,0.8039802775,8.10030519772835,3.23411840784269,199
"200",34.6713996137993,18.3849346864432,0.379562433123676,9.10092992777503,380,0.8039802775,8.68743351851711,3.27164739585797,200
"201",15.2956748449266,16.3626109366972,0.0909697412563471,0.600600611048264,380,0.8039802775,6.28414203100118,1.46894366281537,201
"202",19.7288428333104,15.1760783094163,0.296725404131814,11.4000105499151,380,0.8039802775,8.37041157913704,1.89175841080975,202
"203",32.5656078157392,17.6802418171136,0.531614259003903,0.299658934946896,380,0.8039802775,10.5818466475165,2.93777224870753,203
"204",13.6545261788357,15.8155591081073,0.125390835061214,0.201029781754214,380,0.8039802775,5.71212046420569,1.01421009452429,204
"205",10.5624207833541,16.1761490249316,0.130809357725183,18.2004391662999,380,0.8039802775,5.30514001294718,0.742461080820428,205
"206",39.0386207198973,17.2485492070538,0.524925423223878,1.99928630609316,380,0.8039802775,10.2271271784654,3.19234276597301,206
"207",6.20089013326257,14.401736396007,0.111379103244609,2.69920133338769,380,0.8039802775,2.28507481721007,0.319666055053407,207
"208",13.6085082208988,11.26401089812,0.162897229490893,7.69944854228229,380,0.8039802775,6.32585908455838,1.20530209539931,208
"209",49.6824784884834,13.1059736425288,0.69885433320724,0.0996892173730819,380,0.8039802775,9.72731489421474,4.06943547746482,209
"210",18.9678014466333,12.18799431652,0.381572236698231,0.00193971820238454,380,0.8039802775,7.20835655888528,2.08989419019322,210
"211",43.1888825244878,16.0852742116353,0.66323120006116,0.101354144793246,380,0.8039802775,10.5722538493152,4.02680722981214,211
"212",27.2361849387843,15.3636352084508,0.392128650700445,0.299633158698717,380,0.8039802775,7.2557201600372,0.181020709776315,212
"213",23.267496537107,14.3320350711846,0.28601166126864,0.501150741864829,380,0.8039802775,7.37900483038196,1.21704271490464,213
"214",18.5133392496466,13.8798040761907,0.131461102791333,12.3987394356176,380,0.8039802775,6.59790336683323,1.66577584812427,214
"215",24.4882266569106,14.3646167446668,0.304697760411657,7.29858555798715,380,0.8039802775,7.20468937907633,1.84442833049696,215
"216",34.2389034448449,14.4245933542649,0.283250825611459,0.100803599866189,380,0.8039802775,8.40119086474268,2.29693143769501,216
"217",33.1518119361127,14.5393570723656,0.30903362537559,0.900240525260557,380,0.8039802775,7.56804559708166,2.84714755097142,217
"218",41.0571015799403,15.9195635394081,0.518443978521278,3.59887383019219,380,0.8039802775,8.73266593808642,2.87341945143125,218
"219",25.5240952879032,14.6122564825182,0.268737679102715,0.0995790962717155,380,0.8039802775,8.2350698081869,1.78074568769865,219
"220",34.9624029269726,13.1234936875274,0.441420806202333,4.70069747894497,380,0.8039802775,8.52876710011556,2.90764647210646,220
"221",26.8010845860641,10.5714745241127,0.185191431945181,0.100496874080844,380,0.8039802775,8.16359778972172,2.1841271285224,221
"222",20.2914058970389,10.7408111258741,0.136070514086206,4.49954598172982,380,0.8039802775,6.63511531613718,1.65010265919975,222
"223",26.2834332108414,12.9899271802968,0.323874655260898,2.39899705617314,380,0.8039802775,7.46452730435346,2.62025564506542,223
"224",32.767261148705,14.0991166660245,0.451695818931014,0.100247734848873,380,0.8039802775,7.81707229614218,2.07272923537108,224
"225",12.2825705996836,12.6307369640778,0.111379956170612,0,380,0.8039802775,5.04784187488112,0.791420836401152,225
"226",17.7303314839948,14.3968177708563,0.253577651969698,2.59886164042618,380,0.8039802775,6.77446453839196,1.27573090516039,226
"227",33.6194580798673,15.894788802894,0.716185005941264,0.201342214847566,380,0.8039802775,8.63991484264328,2.65922012130473,227
"228",5.70394945495383,13.4699938438219,0.0892706923085797,0.000507683090937446,380,0.8039802775,3.49717261141873,0.270014367828199,228
"229",34.795433915357,15.3553702622936,0.365303614494133,7.00067960530851,380,0.8039802775,7.29012974102267,2.90992105367842,229
"230",30.6164244413134,13.5434522717821,0.384696708981346,0.00121387947429113,380,0.8039802775,8.25163174604436,2.3854607737087,230
"231",23.9240150112505,12.6387124870939,0.184372043496967,0,380,0.8039802775,6.83677848357647,1.46649250600602,231
"232",32.7457073546851,13.1474389284347,0.340298586149708,5.09888763697125,380,0.8039802775,7.35674053563711,2.72388181615314,232
"233",31.6629229976349,13.2577561181432,0.421511060344112,0.101244011199641,380,0.8039802775,7.33124700407837,2.37321253402587,233
"234",14.2425338908823,13.0416230331191,0.13986253745492,7.99908215018822,380,0.8039802775,4.84108223216953,1.22897604382663,234
"235",20.2582692516664,11.7973691347269,0.130551783610974,6.7985567164402,380,0.8039802775,5.87064901036646,1.5803058498563,235
"236",12.5839731372479,11.3123508740778,0.105500429980342,17.0005909072895,380,0.8039802775,4.47172537435077,1.09492182735838,236
"237",26.7142964218269,11.058240671814,0.261056645602561,1.49974789937598,380,0.8039802775,6.74583593857864,1.99949721855052,237
"238",29.7793088949331,11.7097616136384,0.298540289087835,0.499608772348375,380,0.8039802775,6.04146402438408,2.14945431331155,238
"239",35.5791856986816,12.8323713879627,0.493174059152094,0.698729009151441,380,0.8039802775,6.70506672408782,2.38494144920577,239
"240",35.4962241961511,13.784251902805,0.502054170846855,0.000637757568770471,380,0.8039802775,6.86670929377635,2.59716655514294,240
"241",33.6816642883723,14.4743313454959,0.525627842754288,0.000107039133581023,380,0.8039802775,6.8798257003458,2.5408067897803,241
"242",28.7043421963707,14.0768383338103,0.489820080935544,0,380,0.8039802775,6.46181378342164,2.25742343342074,242
"243",31.2753795913035,14.5623859556151,0.589193111654974,0,380,0.8039802775,7.13156078067899,2.40342812539002,243
"244",19.0106569341672,13.3339819472348,0.263909978910945,0.000602156900448618,380,0.8039802775,6.29718044479007,1.7571467004748,244
"245",23.6519215151161,12.2814935870623,0.318297411910552,0.101086994884424,380,0.8039802775,5.88536480440106,1.51272718207467,245
"246",22.8213972968528,11.8456851286998,0.24733315416143,0,380,0.8039802775,5.99995228468814,1.41931457764494,246
"247",10.3980172602456,10.6101807316033,0.122160023777855,0.00050523202018442,380,0.8039802775,3.79000740110836,0.924789040985323,247
"248",23.7115010299478,9.57708539775384,0.376510029768656,0.302575269511564,380,0.8039802775,6.29436282263289,1.7076471544481,248
"249",23.3887208660014,6.55041429369169,0.286721303021394,0,380,0.8039802775,5.60543664426818,1.40900536679468,249
"250",25.4179556234535,6.66336217036221,0.364752879615461,0,380,0.8039802775,4.88634577202312,1.35303155028251,250
"251",28.612625181529,8.6455964293672,0.408839858536246,0,380,0.8039802775,6.24848031200759,1.56319175478966,251
"252",4.77140320492092,9.39221616073455,0.137169323079289,0,380,0.8039802775,2.57942985812488,0.779753944664699,252
"253",20.9530815439645,11.6473467091932,0.268109738489817,4.79941822572915,380,0.8039802775,5.44528543244105,1.46588334123098,253
"254",24.9896377641047,10.7912082950695,0.323189107822647,0.0989819480680504,380,0.8039802775,5.30367614282326,1.64398370475017,254
"255",14.7850584928733,8.48759446681854,0.172296493984094,0.00106780908364508,380,0.8039802775,4.232439669486,1.43180398875724,255
"256",15.6183342292483,8.06156600983867,0.187862817114847,3.69870618714215,380,0.8039802775,4.82764914253825,1.15570675526966,256
"257",18.6126882359014,7.05925503687752,0.201406943834497,0.102125418907721,380,0.8039802775,4.26590556041032,1.19308031816655,257
"258",20.2487533819412,7.16178221184036,0.228387410102292,0.200805514218669,380,0.8039802775,5.10340189471136,1.29071913427663,258
"259",24.3383412177146,5.85607319368056,0.299732184966498,0.700828556493189,380,0.8039802775,4.65215328323449,1.3191650774124,259
"260",22.8844143131635,6.37933797890988,0.293146724010396,0.00188086220142863,380,0.8039802775,4.27264166728014,1.19214966671118,260
"261",16.9678909581772,7.73341682360076,0.272349181877183,0,380,0.8039802775,4.19984382044521,1.14276200531784,261
"262",24.377213513023,8.73273159509929,0.301827659739944,0.000370455837871321,380,0.8039802775,4.45839569985163,1.20012563883178,262
"263",23.4389661574914,8.23031566671861,0.275437725711833,0,380,0.8039802775,4.38483092056404,0.993296304199796,263
"264",7.85650520647693,5.83544733598947,0.0496967111470053,0.00131529694118892,380,0.8039802775,2.60243457515516,0.241474830245863,264
"265",23.5269886430336,7.19076167164593,0.312947246228065,0.00107598882060123,380,0.8039802775,4.18564449478015,1.07442370944929,265
"266",22.3389938509806,9.15209403609041,0.430083944628008,0,380,0.8039802775,3.79326446336683,1.06432637561442,266
"267",22.2154374620681,9.41003631365096,0.402380864283229,0,380,0.8039802775,3.60246716271797,1.0123038487814,267
"268",18.461269522991,8.30122496614957,0.226366129641868,0,380,0.8039802775,3.54338514869622,0.775926523712561,268
"269",14.5254166940078,9.77138511942645,0.221408488836899,0.000441476642398665,380,0.8039802775,3.09010248646398,0.761986623634328,269
"270",21.216797653245,7.84771178617516,0.316663586862598,0,380,0.8039802775,3.7817475121945,1.00678517863757,270
"271",10.0783960440565,7.4424823173858,0.245695943278962,3.71055213490637e-05,380,0.8039802775,2.84510549773943,0.572029486320515,271
"272",19.1153010256667,8.50290093833451,0.27832033962702,0,380,0.8039802775,3.42732660647733,0.906417634211112,272
"273",5.58772315448551,9.61712627966543,0.0932999033646441,0,380,0.8039802775,1.88640494718766,0.320028370932038,273
"274",10.2301748425527,12.7760716996124,0.270640838537202,1.10146190744074,380,0.8039802775,2.87436777230197,0.733775509281505,274
"275",17.4374622188929,10.4945704937602,0.357520960022188,0.000896906147142131,380,0.8039802775,3.62613081009661,0.768539389544171,275
"276",8.35316303745312,10.8449345953685,0.281082622379368,0,380,0.8039802775,2.63723375953883,0.548862258196183,276
"277",2.92948036918698,11.0004704358003,0.0655728593702943,0.200903694470218,380,0.8039802775,0.976906505433475,0.188482484957398,277
"278",2.73869419074316,11.1617255510474,0.0166691423212454,7.79926651628329,380,0.8039802775,0.660387683022362,0.231197137758787,278
"279",4.95498960498006,9.41622728751486,0.0383446617422282,1.29787503797442,380,0.8039802775,1.48960194642829,0.331162060635667,279
"280",4.04261679841874,9.88495077211183,0.0505108311957939,0.00018929626775471,380,0.8039802775,1.4566745927801,0.233419361876734,280
"281",11.8566934085045,10.008944402692,0.132994881045698,0,380,0.8039802775,3.04194755475256,0.604135366339963,281
"282",3.91787519945966,10.0480328719428,0.126667724532751,0,380,0.8039802775,1.52406097582861,0.335032351524227,282
"283",10.7121856533825,10.6666385871871,0.230211463436177,0.0999751565980712,380,0.8039802775,2.8149265086882,0.604612876351336,283
"284",3.93739880978544,5.38198056574905,0.127392896483105,0.0992594400172893,380,0.8039802775,1.43094599630344,0.274097789014021,284
"285",2.29493108400373,6.87812656281121,0.185276103607701,0.400337558072268,380,0.8039802775,1.01333481012962,0.353559056248749,285
"286",1.91469932152504,8.28665261463093,0.170247859236896,0.000177683716238988,380,0.8039802775,0.774513515349017,0.317373791482889,286
"287",3.78030414962698,9.94425445119372,0.047255710117633,7.59904427921221,380,0.8039802775,1.20250216757155,0.243598536466796,287
"288",3.18863193965615,8.41091623271196,0.0384793509071426,13.5016668019506,380,0.8039802775,1.12253413456447,0.105582124400928,288
"289",2.7838501728413,7.14026312032273,0.0700103164557455,0.2004695412074,380,0.8039802775,1.22588626753947,0.221649462216291,289
"290",1.93252141130114,7.7991037113024,0.0433541488780416,0,380,0.8039802775,0.770406480475629,0.145524805690729,290
"291",9.41402325887357,8.09902850454786,0.21400751323602,0.000904474387079832,380,0.8039802775,2.56978677449847,0.493336377602499,291
"292",2.8307920423031,7.72687917593734,0.175226163049956,0.000477819033573317,380,0.8039802775,1.4434815337968,0.455998152336775,292
"293",2.71032609148148,7.80571709339955,0.135406222579791,0.200480201114006,380,0.8039802775,1.40109726964137,0.32880127469856,293
"294",2.28496389180205,7.89878448871235,0.0705581779795689,0.199254733579346,380,0.8039802775,1.14765691121007,0.303112483762473,294
"295",1.20496642768682,7.72391405301632,0.0362876944861497,0.101358286159671,380,0.8039802775,0.575155059125556,0.0798840584440408,295
"296",0.638237552766652,7.54573578061042,0.0597035012738183,0.19942599627789,380,0.8039802775,0.271399346320613,0.0367347622277504,296
"297",8.20884162710404,5.5414634693663,0.0787640991964639,2.90048008292421,380,0.8039802775,1.97212942399636,0.353310168095498,297
"298",1.70596194428817,8.9198552589941,0.04936156746099,2.70007273440204,380,0.8039802775,0.565434836958514,0.191383577258675,298
"299",2.45477994712791,7.3125971745432,0.0633602532786322,8.50038850207653,380,0.8039802775,0.787477211478723,0.114546761384372,299
"300",3.23898697356464,1.9196269022692,0.0819795628872325,2.39991188534736,380,0.8039802775,1.05038039328321,0.257347106538066,300
"301",3.07517033137674,1.65702842419911,0.0693585287178753,0.399931139290572,380,0.8039802775,1.1037442855473,0.183178688012093,301
"302",1.95767321436837,-1.18348253973533,0.0718630990088461,1.29910605041587,380,0.8039802775,0.499023942796151,0.344770181017631,302
"303",3.75868974837913,-1.67285289329391,0.0934053662651137,0,380,0.8039802775,0.56095225939441,0.250942975182795,303
"304",1.49254935758151,-0.734384695500678,0.0371253833860608,5.39979493504948,380,0.8039802775,0.386430871047843,0.129148718924299,304
"305",3.29795906132929,5.2068348987788,0.0539661113619708,20.0000091981272,380,0.8039802775,0.731808905680793,0.122056340543023,305
"306",2.7110467094925,6.85201631091065,0.0385143505085676,3.30099429751156,380,0.8039802775,0.792579530318413,0.0486948284292223,306
"307",0.834707865623159,6.12406877790097,0.0120890567030881,1.50016185308205,380,0.8039802775,0.3065166009035,0.144097604079479,307
"308",2.0633469620515,5.02570331420228,0.0466075093899181,2.70096229540198,380,0.8039802775,0.56143881167693,0.193209225123521,308
"309",0.553258368969412,5.82972982759449,0.0650410071381048,0.100935954456903,380,0.8039802775,0.26868487584484,0.184861795481699,309
"310",0.336312119163889,7.6733003320638,0.0117739674618568,10.2993335907352,380,0.8039802775,0.130257374416638,0.121023272203374,310
"311",1.45270893296554,5.55355400904993,0.0461491548413597,35.6003680377037,380,0.8039802775,0.412623327646612,0.0336123986064157,311
"312",2.14985225541182,4.59273873012182,0.0400795705891084,2.00155219916741,380,0.8039802775,0.736077248258702,0.215284597254402,312
"313",0.198433630333425,4.78287773027337,0.0332772151439907,0.400298191278768,380,0.8039802775,0.0818511804937608,0.194394022642182,313
"314",1.02953150077904,6.07689080172076,0.0345653002650933,5.50026825052978,380,0.8039802775,0.38658874437379,0.104533293186971,314
"315",0.927558076124323,3.17525436579658,0.0119918584449343,2.5007186808384,380,0.8039802775,0.329010142918438,0.149956211386124,315
"316",2.70655257105809,2.07381079428556,0.0304386662920697,0.098824463188736,380,0.8039802775,0.61888900717972,0.142436131942831,316
"317",0.747839544276979,4.47765231412122,0.00803693690056572,0.501180765278226,380,0.8039802775,0.275231699411739,0.136716629476691,317
"318",0.514032656539002,4.11350107447099,0.042133935026112,0.301733642002509,380,0.8039802775,0.254146120083568,0.109935276085177,318
"319",0.362418250860094,4.59792546452707,0.0151860531055806,12.1000087921292,380,0.8039802775,0.12085147598024,-0.0273356035208895,319
"320",0.532952716797841,3.2984024181048,0.0325239861010131,11.3996857961101,380,0.8039802775,0.153055135774755,0.00088012540089199,320
"321",1.05632948839778,2.08520097409474,0.0424619929065385,0.399497588890764,380,0.8039802775,0.265280986051556,0.0944298115778488,321
"322",1.07492949417412,0.892283871706459,0.0285509487975905,0.400046201521918,380,0.8039802775,0.409661475901134,0.104896192452991,322
"323",0.44856298064928,0.0368240706607614,0.0277787263925195,0.300308008050391,380,0.8039802775,0.195799736380198,0.0776659525208282,323
"324",1.34753851622219,0.923877589349438,0.023055868160765,19.4004247502327,380,0.8039802775,0.445475686387325,0.046757662219352,324
"325",0.345073264980335,0.589699593607635,0.0141587955396649,1.19995132157098,380,0.8039802775,0.104545834154017,0.0947452697054952,325
"326",0.411513241305852,-4.94584135360129,0.0452563832042245,0.300489358480786,380,0.8039802775,0.00290423535635199,0.101440201816748,326
"327",1.47775852391462,-3.66824009465744,0.0644335947633914,0.0998629874523049,380,0.8039802775,-0.00101373275578192,0.16305904756482,327
"328",0.135285861372856,0.044818977345616,0.0224827218443209,1.59901650235288,380,0.8039802775,0.0581720742438937,0.204492875873985,328
"329",0.201268609495703,2.07478689069431,0.0190338082789605,2.2989317628568,380,0.8039802775,0.0968770617509703,0.253533821206312,329
"330",0.139178717174375,0.721154035445466,0.017587997591575,0.00140396313738539,380,0.8039802775,0.0649275516682856,0.0700727127957612,330
"331",0.241706513235648,-0.431271079576928,0.0206569001589477,1.19730966178475,380,0.8039802775,0.0780142856584803,0.110568572471565,331
"332",0.346965614873389,0.171548211746921,0.0220102635518597,0.400578657880444,380,0.8039802775,0.0607509764512238,0.098526649586605,332
"333",0.175476069039432,-1.45941775668487,0.0341419473661876,0.000225351149333631,380,0.8039802775,0.102568203233056,0.120136883053879,333
"334",0.491338846813235,2.10109250731536,0.0241032622207235,1.201168264271,380,0.8039802775,0.0829722188285796,0.10461496169254,334
"335",0.162795913793622,1.69412939749154,0.0180886698093558,0,380,0.8039802775,-0.00139797993126769,0.134607603936449,335
"336",0.179285391173291,3.30726399191481,0.0277360446036005,11.9994306314853,380,0.8039802775,-0.0346817348964665,0.121492635520325,336
"337",0.219967339355282,2.93309356715687,0.0182285068027928,0.200574843409143,380,0.8039802775,0.0357638084450937,0.075701135416391,337
"338",0.309663089486209,5.40029000670675,0.0798415250479126,1.69863776116014,380,0.8039802775,0.0381213543393722,0.0594355271096614,338
"339",0.13108467585469,4.46529899621326,0.0269434307315752,0,380,0.8039802775,0.045206345679331,0.0810552183445849,339
"340",0.221417756809392,4.37100691506596,0.0299823269557699,0.900862653040081,380,0.8039802775,0.0624788917116349,0.139428999932635,340
"341",0.0711256334832056,6.06664363324833,0.0482002104913006,0.300685148935998,380,0.8039802775,0.0410100921069496,0.106586856563905,341
"342",0.110450221157343,5.16520179497017,0.0363380579945775,0.0988052764175598,380,0.8039802775,0.0683258316336008,0.0775506782189184,342
"343",0.139953289787634,4.85223678159483,0.0260050299264667,2.19965497214414,380,0.8039802775,0.0681890017674797,0.0883756601796332,343
"344",0.253481044114089,2.39460742961145,0.017253180875685,1.29999170170296,380,0.8039802775,0.112001151734004,0.0579882374005172,344
"345",0.228957907111053,4.01855122919732,0.0237851132433358,8.40033969148793,380,0.8039802775,0.089178548815485,0.128497625784127,345
"346",0.221580673826651,5.12922830053515,0.0442778932078953,1.102237174317,380,0.8039802775,0.0775238468463723,0.155223827647528,346
"347",0.59639735579572,4.07731259802947,0.0358811285676411,1.90042817278459,380,0.8039802775,0.221461520016488,0.0420262168018048,347
"348",0.178098943442509,2.66502305477476,0.02347327730727,0,380,0.8039802775,0.135204711897472,0.16096564813808,348
"349",0.435144239998896,3.80319911750731,0.0238856242465293,11.1000683748412,380,0.8039802775,0.212713269003726,0.129047114916471,349
"350",0.278975073417067,3.55756005496572,0.0225226773027723,1.79896513118117,380,0.8039802775,0.10553096875637,0.142005620761572,350
"351",0.168315639305204,1.22044903005352,0.024613820046731,1.09961580323184,380,0.8039802775,0.0204164945088951,0.0836261458795875,351
"352",0.22462560559738,-1.47904240604158,0.0286101200609858,5.20058908816519,380,0.8039802775,0.0527429892046363,0.119946693498937,352
"353",0.362155469559115,-2.071483973154,0.03378876293517,0.100788617572737,380,0.8039802775,-0.00441775369015413,0.0471520096657535,353
"354",0.381487803786828,-3.73814116555988,0.0360931048008523,0.10034020093651,380,0.8039802775,0.0404399133848582,0.100606186840049,354
"355",0.653756421270505,-4.38376566873009,0.0325186817005165,0.00088518282752253,380,0.8039802775,-0.000105093479754294,0.102989666857332,355
"356",0.527173289388049,-6.21606057283826,0.0336738798829648,0.00102667247445159,380,0.8039802775,0.000756383211935044,0.0611411178526411,356
"357",0.205746996127259,-2.32161334518869,0.0277171257731501,0.60093617998444,380,0.8039802775,-0.000827469963610053,0.0670652745002633,357
"358",0.313170953016143,-1.30556989346926,0.0246434495112918,2.49969283360765,380,0.8039802775,0.0724634428018832,0.0519079521359845,358
"359",0.271038789131957,-5.55294183665826,0.0378119404329087,6.00023700921551,380,0.8039802775,0.0343559624853502,0.0560640479644259,359
"360",0.649291654885218,-13.0346086208531,0.0162433593273203,0.800179096225335,380,0.8039802775,-0.000576582735492669,0.0244841417622167,360
"361",0.433670689403464,-9.88658710714132,0.0142591531966488,0.099757917009419,380,0.8039802775,0.00072193526542445,-0.0537971190984806,361
"362",1.15167811156802,-5.60458554939753,0.02084380833203,0.000782305895371856,380,0.8039802775,0.0200746591953931,-0.0502649237529974,362
"363",0.708229128364712,-10.2631267158205,0.0158150217782474,0,380,0.8039802775,-0.000908955415528931,-0.0494650638239697,363
"364",0.272600534473104,-8.33641648496115,0.00977565114617846,0.601027807488432,380,0.8039802775,-0.000234740959781674,-0.0540423424069959,364
"365",0.366191534631679,-2.56816081886564,0.0173153032271284,6.6002133579635,380,0.8039802775,0.00147811911132638,0.0531855015104849,365
"366",0.253058521024776,-2.75331278669992,0.0134946627422363,0.299196661289174,380,0.8039802775,0.000999117983394398,0.0275670684268926,1
"367",0.170770865400605,-2.82528244654563,0.0134748372594418,3.80047073194185,380,0.8097164593,0.0297516390215031,0.0601433587851695,2
"368",0.311969689618892,-2.60504951475382,0.0268797201477312,1.30028513467201,380,0.8097164593,0.108195343170553,0.0809361675686807,3
"369",0.385073933839444,-2.94939851702861,0.0232378631405321,8.87399566189278e-05,380,0.8097164593,0.098482341975007,0.0884321010621993,4
"370",0.168817086833125,-3.20716523719509,0.0133664173688159,0.800359714990053,380,0.8097164593,-0.0370898925213724,0.171070734604089,5
"371",0.36534393082453,-1.44816075005746,0.014609067261134,4.00023256206996,380,0.8097164593,-5.09190331239577e-05,0.179988086739288,6
"372",0.485527779106935,-0.441740418612412,0.0154035067426002,0.199745291409759,380,0.8097164593,0.000339684093240863,0.0425926458804246,7
"373",0.606150060069858,-2.86985206854696,0.0184444968013151,1.4002136709194,380,0.8097164593,-0.000250372220122859,0.0492763290264626,8
"374",0.766139654551974,-0.81433713478652,0.0205132660993738,3.70064573692059,380,0.8097164593,0.0873513816806286,0.0757261791432617,9
"375",0.917078602903795,0.56609358853404,0.0209968222250413,1.79920416244338,380,0.8097164593,0.108619333425074,0.116355163428122,10
"376",0.672239898827793,-2.57591805700606,0.0418074493023475,4.29941051449186,380,0.8097164593,0.0136022500133379,0.108589002955226,11
"377",0.416620322757924,-6.93034570729862,0.0254056840650008,0.699147565436918,380,0.8097164593,-0.0552362804435049,0.0347065050539839,12
"378",0.652586795692811,-5.91661352154097,0.0182053477606879,0.299702610453416,380,0.8097164593,0.108564065942332,0.0688687765811473,13
"379",0.856493536150262,-3.49590053443169,0.0202847748337603,0.29900293742623,380,0.8097164593,0.00326870403477337,0.0148290470556923,14
"380",1.89856281505994,-1.24980742001654,0.0296845735297031,7.94967365371379e-05,380,0.8097164593,0.0860758778707425,0.0117227407979789,15
"381",0.566759248362211,-0.472855977627807,0.0236977663302427,0,380,0.8097164593,0.0920784803106941,0.17447887039753,16
"382",2.19719242646071,-1.01574399078336,0.0560263356894941,0,380,0.8097164593,0.184283180330309,0.0926072692719792,17
"383",0.723692972515589,-2.59989027329907,0.0321793787135974,0,380,0.8097164593,-0.001038087841229,-0.0411435356465968,18
"384",1.08291073545547,-3.17194354479877,0.0282747438044089,0.199649581948387,380,0.8097164593,0.000388857243537146,0.208238743054602,19
"385",0.341275008647323,-2.18887410339825,0.0430990743194732,0.0994509827418612,380,0.8097164593,0.00244430947038088,0.119616372885108,20
"386",0.829787327457623,-2.45373397186925,0.0470899800628425,0.60161676230473,380,0.8097164593,0.0242985331619273,0.0363229548459432,21
"387",2.94538207979875,-7.90034143889951,0.0536459916327799,0.199004988199785,380,0.8097164593,-0.0315513671485605,0.0322465989848525,22
"388",1.29752191472234,-6.18734624782109,0.0336945587951942,0.00104134856249983,380,0.8097164593,-0.0068627012182705,0.110187565973833,23
"389",1.0170090179825,-8.15111800553707,0.0331244196339968,0.00211801365586137,380,0.8097164593,0.0453826104237522,0.104548173014696,24
"390",0.377073328829439,-6.42279112278841,0.0158264116511464,0.299703290354299,380,0.8097164593,0.000981692873116777,0.115223564756175,25
"391",0.460738194263858,-2.8041508795266,0.0174173754152178,4.30089881454877,380,0.8097164593,0.0998135256943201,0.106469203926848,26
"392",0.727891893728101,0.0736996808291086,0.0189589136064519,0.30099039979314,380,0.8097164593,0.0062993124116101,0.187232876048607,27
"393",0.627204601608321,-1.68243031060736,0.0236522046470383,0.100430639649919,380,0.8097164593,0.0247499174999834,0.164610853348348,28
"394",1.03439483754573,-1.41399065801255,0.0258647721076167,5.39971588527652,380,0.8097164593,0.0054281106127351,-0.00647966530161184,29
"395",1.79916864936394,-2.10658284121406,0.0285582692557411,0.698796495881219,380,0.8097164593,-0.0191693596438566,0.0594305082059062,30
"396",2.31389529757555,-6.69151600546818,0.0428568291089544,0.897070280181455,380,0.8097164593,0.00241308657974707,0.0887081531841634,31
"397",2.97003414612179,-10.0096046841655,0.0200732134498371,0.200350665726888,380,0.8097164593,0.0150790091994166,0.00964794576247539,32
"398",3.88074896786312,-13.8049585580269,0.0132145966226197,0.199852311840927,380,0.8097164593,0.105369411567429,0.031434766450062,33
"399",4.00171347191796,-19.5094938909201,0.00981321780006099,1.30070017071671,380,0.8097164593,-0.000620178022280258,-0.0830349299267625,34
"400",4.11122864053774,-23.975955309029,0.00301404950908472,0,380,0.8097164593,0.000548714505630002,0.0343258131741135,35
"401",4.21073438536625,-23.6966709592832,0.004071706748978,0.599562399568066,380,0.8097164593,-0.000323355235005859,-0.0017476194938005,36
"402",4.34063947474164,-24.6289829205059,0.00279969438070433,0.597855633785281,380,0.8097164593,0.000201883395857616,0.0261058354763843,37
"403",4.46426601730381,-13.2655092841233,0.0125388559165296,0.200316094160941,380,0.8097164593,-0.000712466631820963,0.0944585786150492,38
"404",4.57483044259547,-1.64893458778989,0.0323196186810991,15.1004365763814,380,0.8097164593,0.00940156847515601,0.266446173149179,39
"405",4.7030747064807,1.79712807326806,0.0249284622874255,0.200327813627623,380,0.8097164593,0.0430278398622715,0.251599620663838,40
"406",4.81835757076123,-4.55872635270746,0.0664671385621342,18.0001492664678,380,0.8097164593,0.000757675921418208,0.141955539616252,41
"407",4.96710219809495,-5.16440699128536,0.0205686099478177,0.000495666582670602,380,0.8097164593,4.05600678264807e-05,0.172106755865417,42
"408",5.05403306043445,-3.6307030320016,0.0355672534339283,0.0016668008768408,380,0.8097164593,0.0240168336066478,0.144674307779308,43
"409",5.1694897887872,-0.239729514804166,0.0288974212444132,6.80041473349664,380,0.8097164593,-0.000891900860336617,0.146126448287563,44
"410",5.29228736158885,-3.72092786779662,0.0548890287549973,0.399225642665664,380,0.8097164593,0.0845490552888754,0.16742028026187,45
"411",5.40760722328563,0.719341923216459,0.109885676401684,0,380,0.8097164593,-0.00153701474217332,0.25872126597867,46
"412",5.51388748822042,3.00920553685978,0.196594312917683,0.000801197259656629,380,0.8097164593,0.0609511859425769,0.292902092707898,47
"413",5.61888233392958,-1.05411415941346,0.141698795797815,0,380,0.8097164593,0.0286893467715567,0.106315902478391,48
"414",5.76246066054319,-1.8025263230225,0.105560676353731,0.000296870559440237,380,0.8097164593,0.0108592365992217,0.270170378973573,49
"415",5.84150672637941,-2.63261134396606,0.1039259556479,1.99960369783067,380,0.8097164593,0.00341013863227768,0.19141784894984,50
"416",5.94129776114586,-4.60276064542943,0.0687939625200126,0.0994198822466559,380,0.8097164593,0.000942495327949711,0.224169544599354,51
"417",6.05061110043821,-0.729450134152367,0.0711000892535942,1.2997754916641,380,0.8097164593,0.0379833888262653,0.498874701001298,52
"418",6.16168116967447,-3.65394149688169,0.0365356739558693,4.40164514320458,380,0.8097164593,0.0138986554875801,0.242736518726332,53
"419",6.25747354872885,-17.4099032593971,0.0184136510605246,2.70190054802018,380,0.8097164593,0.00665075415854153,0.23377279706123,54
"420",6.34281827283167,-20.4685643408408,0.0107127900901448,0.000402552197804524,380,0.8097164593,0.00105770319672161,0.15667809117652,55
"421",6.40612573088776,-19.6900341429903,0.0107533220050536,0,380,0.8097164593,-0.000569431562615037,0.145804209115682,56
"422",6.49972112507243,-17.8667699459418,0.0174037864249851,0.499978706669092,380,0.8097164593,0.00198698442628578,0.13032849249774,57
"423",6.592775616667,-17.5568136691954,0.0209406067108327,0.101181272839072,380,0.8097164593,0.0889224459508332,0.227538461882436,58
"424",6.6440387806639,-16.0910099418198,0.0115423158090389,0.00154572482988334,380,0.8097164593,0.0518322034730613,0.157988747790759,59
"425",6.69459462699346,-12.5777047342787,0.0160509364476085,2.49958922376084,380,0.8097164593,0.0489402947279772,0.23306628035005,60
"426",9.53724137772108,-12.2452180847511,0.0206968639245352,0.499205715411407,380,0.8097164593,0.0838810841048925,0.310924188756692,61
"427",5.38898150142747,-9.22815961114473,0.0169407182342522,1.60106552142728,380,0.8097164593,0.103636244386958,0.150992553625865,62
"428",7.8976520403169,-9.5231272663003,0.0179046682329692,4.19933278110183,380,0.8097164593,-0.0364415379661839,0.273948631856861,63
"429",7.05530113036148,-8.82083532672681,0.0279669714917466,0.600377454086062,380,0.8097164593,0.137283425733935,0.262897336754448,64
"430",5.35818386051488,-3.70339767154498,0.0556851934973361,0.100235608347163,380,0.8097164593,0.0330348671949494,0.260087690981176,65
"431",3.52251109495562,-6.57353460606947,0.0182661662489166,0.200583200640754,380,0.8097164593,0.118781024147443,0.104573718086857,66
"432",15.9377678703827,-5.29131735991557,0.0709351181010959,4.79820748910806,380,0.8097164593,0.0629392469939714,0.80371416262129,67
"433",13.9527343153028,-5.66207220468418,0.127739873095538,0.00141140557139923,380,0.8097164593,0.0170457471136662,0.47261930320924,68
"434",14.1481532912248,-2.63149524860664,0.146043666184491,0,380,0.8097164593,0.151540582897353,0.182065524919409,69
"435",5.74352086633069,-3.67546032845179,0.0728651488178747,0.0011744803180012,380,0.8097164593,0.17104410002831,0.289119095298016,70
"436",3.29208502305152,0.449192812191566,0.0193445427762871,2.59918337083042,380,0.8097164593,0.114387211161812,0.27998292800681,71
"437",4.35452336375598,1.17948661135639,0.0224181595495554,1.4002438930842,380,0.8097164593,0.276898285649524,0.241161367641642,72
"438",3.98320633218509,1.15677503748648,0.0437475285920654,6.30132817271524,380,0.8097164593,0.270517997372963,0.361694948061828,73
"439",4.14333290445245,-1.35590959399998,0.0685232913195739,0.500321704821221,380,0.8097164593,0.0465774239592855,0.274226641423338,74
"440",4.72287266414091,-1.72206929717533,0.0368049517771758,0.698212675203335,380,0.8097164593,0.0445177724910503,0.359384058902595,75
"441",7.20478817338081,-2.97781360370888,0.0737681190932723,1.00115977503355,380,0.8097164593,0.0427727409140276,0.448787545009991,76
"442",18.7954462598582,-7.90508124555797,0.106369065989582,0.499932128460382,380,0.8097164593,0.0838902382285979,0.292405180258054,77
"443",14.0924889451438,-10.9629346861452,0.0531268520284005,0.00174475511767247,380,0.8097164593,0.190917972845089,0.269649649560082,78
"444",20.3780661029172,-8.82616922465939,0.109829030982544,0.800814874256656,380,0.8097164593,0.229412800604152,0.397866743206072,79
"445",21.4659133687676,-8.98263340518032,0.0961533838636922,0,380,0.8097164593,0.226177914928055,0.248664837636459,80
"446",11.8034524231193,-6.40327677461683,0.0439617368893495,0.000555212464917522,380,0.8097164593,0.233471742960372,0.281547711460539,81
"447",10.7058717347051,-6.58279298370836,0.0275092513516838,3.10010195454113,380,0.8097164593,0.122942879156187,0.407513329371513,82
"448",19.1086370064698,-9.71039332134394,0.0521431202524328,1.40002159446393,380,0.8097164593,0.279467547912502,0.661298050125427,83
"449",22.0649814869394,-8.26116993852701,0.0830036352615654,0,380,0.8097164593,0.258779208046065,0.336922955295661,84
"450",24.0459602757173,-8.52513455568838,0.136777212929215,0,380,0.8097164593,0.351536272422619,0.219733546982394,85
"451",20.9966880000632,-7.45641889414231,0.11913955148683,0,380,0.8097164593,0.232858667680668,0.205163723265786,86
"452",18.2052766888493,-5.67054300681515,0.0971398612938853,0.298698996764315,380,0.8097164593,0.313344834213171,0.14449317928263,87
"453",24.8781931324423,-1.71076076395665,0.243695794716466,0,380,0.8097164593,0.103159970247915,0.379847583374113,88
"454",25.1395897382415,-0.649417997115577,0.255835887155079,0.000242132582111054,380,0.8097164593,0.210426208737504,0.284892332634103,89
"455",23.8145639217794,1.415547765537,0.397433832702767,0,380,0.8097164593,0.33520818594071,0.359487280317426,90
"456",6.80578296331521,0.872522736046769,0.0678851323997978,4.00030642069114,380,0.8097164593,0.314719096328081,0.373519857760634,91
"457",5.41367060709037,1.38491053495324,0.0407715166516198,1.70334126879476,380,0.8097164593,0.422153250306392,0.315039964108426,92
"458",28.5514302741216,4.02874736584685,0.31739369512609,0.399360584660269,380,0.8097164593,0.669038846326829,0.578094273452891,93
"459",26.9089693851116,3.92786961068345,0.369952219835942,0,380,0.8097164593,1.02021531614745,0.373719536126227,94
"460",20.1297057002628,4.07348707363671,0.214889879317543,1.00141207852629,380,0.8097164593,0.923710325109368,0.404132230738284,95
"461",17.9595844999405,4.26917217482456,0.265239845198925,0,380,0.8097164593,1.4403976617197,0.321675404159702,96
"462",17.920402937163,3.60126161220824,0.214889405941449,0.000438513790074554,380,0.8097164593,1.56007975530739,0.468598972693487,97
"463",29.6625578420307,5.25108316019255,0.407524176445475,0.000993784164127664,380,0.8097164593,1.99278112761722,0.465174291794945,98
"464",6.41156747220644,3.57047440528535,0.0625329378368085,1.79948606576995,380,0.8097164593,0.867526806829542,0.213014750547019,99
"465",9.80035624987445,4.37059291048679,0.113185139489161,6.90084394629399,380,0.8097164593,1.20966374682823,0.657811077549756,100
"466",18.0890124704971,2.16325796680602,0.202359477729571,1.90208502331504,380,0.8097164593,1.72328730934128,0.510946969644122,101
"467",29.5545948106793,2.93250619457553,0.444295499494147,0.00229149442914462,380,0.8097164593,1.29111643753478,0.448169719731524,102
"468",16.7685456677919,2.12251274476856,0.291211372120624,0.000433464827282814,380,0.8097164593,1.57235036494012,0.649373468967078,103
"469",30.9937202330511,-0.185631864356747,0.338556272614224,0.00099373024329429,380,0.8097164593,1.43474209590303,0.955979203533085,104
"470",33.2834549257206,-0.986693783878628,0.277304014418139,0,380,0.8097164593,0.963082385530498,0.668561717208844,105
"471",7.30904168105447,-1.70567917741285,0.0391394127446774,0,380,0.8097164593,0.364784120356065,0.230698027118354,106
"472",15.4648662974954,-0.487771969562093,0.0679383287892291,12.0011420143007,380,0.8097164593,0.951828271139566,0.604177664210793,107
"473",13.6995084252816,1.61670700623044,0.127047241075036,2.20217484665491,380,0.8097164593,1.51915945691444,0.708989806281955,108
"474",12.740915691151,1.54128961301856,0.0738426923171437,1.20031394917255,380,0.8097164593,1.46295654417254,0.439652094886059,109
"475",13.1755357341843,2.86021232544879,0.102063756926544,1.8992176229215,380,0.8097164593,1.61707889261241,0.612451536432085,110
"476",16.1938108679726,3.0376560910002,0.106788759671989,0.00064101843571852,380,0.8097164593,1.52663410936596,0.406143834696765,111
"477",20.9109142274156,3.40842513606606,0.239976326897141,1.20039807867089,380,0.8097164593,1.81443290759145,0.502031025762109,112
"478",21.4994454195049,5.11201052779936,0.299412884690405,0.000406232539902109,380,0.8097164593,2.01315784405414,0.443625717485024,113
"479",9.43872174952356,6.07625914620261,0.051062065778897,4.44844607464442e-05,380,0.8097164593,1.47173389245169,0.33207747424955,114
"480",21.3959471916998,12.7102741955801,0.345515932207846,6.90123225674702,380,0.8097164593,2.074747045359,1.21123951904047,115
"481",23.6279501130864,12.2436032919887,0.351511584710832,0.0998235687567633,380,0.8097164593,2.6311672130586,0.90485587580563,116
"482",5.3265097665371,9.9137440328427,0.024302631198212,0.399678033056692,380,0.8097164593,1.07961956159554,0.219901137290272,117
"483",10.6259226394663,9.89783608143345,0.02702074987802,7.49907272369547,380,0.8097164593,2.0172989096874,0.499421302707068,118
"484",7.49049454624697,6.92103185721495,0.0540764629433272,14.5003586694401,380,0.8097164593,1.69284053965303,0.386189184321156,119
"485",30.8430870563149,8.7457421775315,0.379833889465605,6.00036606208077,380,0.8097164593,3.61721094731663,1.81277899863802,120
"486",26.7392670575869,7.41997745365645,0.283927741168627,0.0987933846695982,380,0.8097164593,3.73060523973404,1.34128606014546,121
"487",10.6696025333595,6.48934522301757,0.130576376809821,0,380,0.8097164593,2.43909794919081,0.514720124788865,122
"488",34.6470822119958,7.34860694782345,0.415357386535216,5.29985479344442,380,0.8097164593,4.34108316819194,2.00321188993065,123
"489",42.476399152534,10.6479481498568,0.729117505442627,0,380,0.8097164593,3.9348960459371,1.76624280504514,124
"490",22.8085992630813,10.2641659140689,0.463392307641417,0,380,0.8097164593,3.59977625095589,1.24604748260634,125
"491",19.6308957000586,7.78262767253516,0.270327418808944,4.29964456028414,380,0.8097164593,4.39160385211659,1.36890693406333,126
"492",43.8953818238159,7.32909216017831,0.607425027977387,0,380,0.8097164593,4.77703797550495,1.81799096482572,127
"493",44.4810036310823,10.331632934531,0.743629673270642,1.39572006817064e-05,380,0.8097164593,4.21541185066777,1.63927358297769,128
"494",43.2643067125417,14.3836532211198,0.86219501937604,0.00220696063263586,380,0.8097164593,4.18109550659692,1.59291699346917,129
"495",42.0945208315322,11.9312163091116,0.750940946116669,0.00260837677863807,380,0.8097164593,4.96434380064048,1.83108965065775,130
"496",30.8078432282302,7.43857593956847,0.474254777157242,0,380,0.8097164593,5.28102738275176,1.4074802488704,131
"497",37.5534669543804,7.13699769762044,0.552130752443488,0,380,0.8097164593,5.02323525897997,1.51642494792526,132
"498",25.8772137921228,6.53154790587203,0.489510578150139,0.00123158335998324,380,0.8097164593,4.57444149774732,1.2281592160601,133
"499",36.6008503608924,9.75148076363314,0.535254244155041,0.000107687169797227,380,0.8097164593,4.69689261932524,1.53510311824229,134
"500",42.5604222614028,9.15272771508046,0.614623600181639,0.00156955268092343,380,0.8097164593,5.5251304842689,1.66899571404903,135
"501",31.4584234028161,9.77806673170139,0.674592140035855,0.00140891160643157,380,0.8097164593,5.15425349486084,1.5273816023373,136
"502",46.5763628793772,11.1950501484588,0.820919704328393,0.000975407829788647,380,0.8097164593,5.41444881438482,1.99712066211327,137
"503",9.75244375450732,9.15700706973712,0.21048161226041,0.00224599478642722,380,0.8097164593,2.76042908640841,0.698436782498697,138
"504",13.3211400587109,9.07670438309651,0.115599837752276,4.29778256220958,380,0.8097164593,3.56441193808733,1.14837754660466,139
"505",18.7206553897691,8.64031204514315,0.142008825800363,10.899354476653,380,0.8097164593,4.27831440297419,1.77374544029011,140
"506",16.075751433562,5.73895542132249,0.0584329866146712,5.40184897324126,380,0.8097164593,3.62244748527127,1.27094784299928,141
"507",18.6826451922904,3.19006934692726,0.102772094958093,6.59823513892691,380,0.8097164593,4.17387699049951,1.06247864742037,142
"508",41.7136259328762,5.68839578538801,0.432126467477916,1.60081661861514,380,0.8097164593,5.51157110763775,2.16656314591339,143
"509",33.0657634232422,8.91751094534736,0.460339828584461,0.29975889972655,380,0.8097164593,4.95549735805809,2.61709637354327,144
"510",31.4094684837779,5.12390617319596,0.17191631956999,2.90028040495003,380,0.8097164593,4.95496260141735,2.24813770186481,145
"511",24.8822616190554,2.84168266977405,0.211954292510091,3.09875695069433,380,0.8097164593,4.74851434658954,1.66897072443505,146
"512",35.6021020658645,4.64358783378793,0.386341011345764,1.30084342937432,380,0.8097164593,5.45141608134054,1.79981858809215,147
"513",16.2382224317433,5.03653552182912,0.288095988800738,0.000619734508015652,380,0.8097164593,3.90954039844243,1.13134825689063,148
"514",21.6546524772029,4.25631526730683,0.231366606193743,0.801558825556694,380,0.8097164593,4.75231611904004,1.14479591482201,149
"515",22.9396136109058,4.72378609849359,0.25712695891995,0.701004522895875,380,0.8097164593,5.33026049645785,1.48551439035858,150
"516",26.2786166085796,5.76906211906182,0.389724851313293,0,380,0.8097164593,5.06649768534365,1.35104068409886,151
"517",46.1612335585595,8.9342183797943,0.643686445308239,0.00189083496171414,380,0.8097164593,6.02939273867638,2.24733811671103,152
"518",49.8442854291189,11.4987136803768,0.867675051109968,0.000693449472903164,380,0.8097164593,5.81177993442288,2.19511428974493,153
"519",48.8203792856872,11.0527276984533,0.732942206994705,0,380,0.8097164593,6.21220336480286,1.80537170728876,154
"520",25.0867053361927,10.6941679044811,0.369177691791243,0.000159825771247774,380,0.8097164593,5.38955893683923,1.34647924562923,155
"521",30.5774352975429,10.3452380077585,0.281412874181059,9.60189350736665,380,0.8097164593,5.37711027455287,2.37988560882819,156
"522",46.8085289868285,11.7033592841478,0.698776887741449,0.199446074355602,380,0.8097164593,6.39544403094104,2.92249781594681,157
"523",33.5699867555692,12.9419711500885,0.559207379851456,0,380,0.8097164593,6.10922117398884,1.88927086922385,158
"524",37.5452818599202,12.779555941941,0.628805344164185,0,380,0.8097164593,7.82301816049486,2.14343102177138,159
"525",31.8522923264661,13.2978528054152,0.625253578568082,0,380,0.8097164593,7.27533818436337,2.2169035831517,160
"526",17.0838040479623,9.23866234197336,0.241497203458907,0.00140236785106389,380,0.8097164593,5.16900948096709,1.73142610781825,161
"527",17.4510058357764,7.5127698659195,0.126063650713432,17.3015203422696,380,0.8097164593,4.18634301934543,1.40553592468689,162
"528",25.7909827362588,9.61723552073776,0.262272744842982,7.40126995152643,380,0.8097164593,6.2405444757478,2.54152904488469,163
"529",15.7994088289791,8.30922655499901,0.0609373954090739,6.79919791693227,380,0.8097164593,4.7354899400499,1.23745216980243,164
"530",5.91140104483724,9.01479818900418,0.0475493115301995,9.09891475562184,380,0.8097164593,1.99051748685295,0.310899063227794,165
"531",5.78787818318314,10.3830333056645,0.0247230994432424,5.80024175101978,380,0.8097164593,2.02454931670454,0.266963071530611,166
"532",29.5456439525695,12.3564687416882,0.287070739978272,7.29961182715074,380,0.8097164593,6.07975626875126,0.519386883157321,167
"533",39.7927115987166,13.661778361965,0.708905421675239,0.499310281554648,380,0.8097164593,7.46709929635097,2.79766557558242,168
"534",47.3605963723817,15.971229660296,0.911005468675644,0.0018246324358113,380,0.8097164593,7.6101993507439,2.84361513911492,169
"535",43.7199517284912,16.5887159811159,0.829397103208973,0,380,0.8097164593,7.91981187136125,3.06177208231737,170
"536",32.5971825442711,16.2719445710214,0.722771753724884,0.000292695719123882,380,0.8097164593,9.50228443027461,3.15782833027165,171
"537",9.03642566842194,11.4988468039423,0.0773682159347024,3.39780523336472,380,0.8097164593,3.49733597899093,0.580844228371492,172
"538",9.94548064782008,10.6598210037167,0.0715496750531923,4.09942407245457,380,0.8097164593,3.615729442693,0.868326780650914,173
"539",13.5772913058259,13.3139499064564,0.131521160204153,0.401238062633756,380,0.8097164593,3.97643469792293,1.07399166987325,174
"540",15.8758806904966,13.534697298117,0.309833918166715,0.000348792645374717,380,0.8097164593,4.93346955090648,0.863819133939177,175
"541",34.6950049585978,16.4653924688179,0.914096631903841,3.09930415827299,380,0.8097164593,9.32894781456532,3.17117063264242,176
"542",41.8801776833248,18.1867348520944,1.24146179888005,0,380,0.8097164593,7.51670539320545,3.42014905607635,177
"543",41.0368137948772,17.7499669803425,1.03356449773903,0.0010719819262244,380,0.8097164593,7.7036929823736,3.65148669385525,178
"544",53.6808398058515,15.9249884608663,0.935136757079537,0.000372318098999313,380,0.8097164593,8.27603926954752,3.53191588067735,179
"545",51.1844879819948,18.3271751258178,1.08994698020089,0,380,0.8097164593,8.02163064541456,3.00909350936495,180
"546",37.655549390815,16.7395891643466,0.736132212334034,0.000664716864648107,380,0.8097164593,9.05412755973685,3.02320726834671,181
"547",49.3004359151776,19.0379637514222,0.945569786065969,0.200896130474559,380,0.8097164593,8.44137843992137,3.55847881227266,182
"548",40.4933649977273,18.2260281968974,0.683197128126897,0,380,0.8097164593,9.47200533187511,2.9308955858786,183
"549",30.4491549904085,14.9168853395784,0.430724185707962,0.00216039063629888,380,0.8097164593,9.07740931672,2.60701458219316,184
"550",52.4272746246088,16.3956151010033,0.772785821834876,0.00158512512076531,380,0.8097164593,9.48536107924483,3.9001346867968,185
"551",49.2926999892915,20.475555121587,1.08336091568133,0.0999605583291007,380,0.8097164593,8.63727789907059,3.43254159129351,186
"552",52.2265471561766,22.1561759106524,1.3428283886947,0.000474902993979356,380,0.8097164593,7.90436034306979,3.83504040560712,187
"553",42.2840040949337,20.0547884417765,0.897435668406029,0.000218763633741524,380,0.8097164593,7.97033900744155,3.14232977489247,188
"554",42.8340365195586,19.3720056575743,0.587650088155168,6.70072072612202,380,0.8097164593,8.28038025486771,3.25513177163376,189
"555",47.7597995642735,21.6082593175702,0.961829133442489,1.40068972113606,380,0.8097164593,8.66022466564203,3.77339329939283,190
"556",41.3017656125573,22.0285141874734,1.1400834805978,0.400146821793308,380,0.8097164593,8.26450289852107,3.81101585891998,191
"557",14.3247080379122,18.0789459631444,0.306159012570735,0.00121323087125764,380,0.8097164593,5.74603908366273,1.55115113649651,192
"558",30.7525460808331,18.6067819381643,0.458462631343956,0.300278788551492,380,0.8097164593,8.1206478568486,3.16528651860334,193
"559",35.9415409673254,16.4215097153982,0.4407949869787,15.3991119857686,380,0.8097164593,9.05888276508155,3.27575348011845,194
"560",37.414051684567,15.4433939891093,0.480791655289541,4.39963390324577,380,0.8097164593,9.12038081438455,3.44631589772533,195
"561",31.0376937202644,15.0647495829781,0.448959081807691,3.30053510012301,380,0.8097164593,9.00391239780071,3.10435908645145,196
"562",25.0708051686753,14.7367315400855,0.316427255785585,0.898577177305812,380,0.8097164593,7.04033226879722,2.02225557337807,197
"563",33.9580838789697,18.9340207950384,0.628188310601119,7.99974761390827,380,0.8097164593,8.18733243126127,3.21926875089786,198
"564",22.1658734316612,18.9599272740284,0.409548519302796,0.0994633993047143,380,0.8097164593,7.19961376845334,2.03239711489662,199
"565",24.8899440096082,19.9138852375283,0.351110880504651,5.10237908500174,380,0.8097164593,9.05262444885051,2.33435550528072,200
"566",28.9598282870125,19.5319763218254,0.393720300534461,0.800964862705449,380,0.8097164593,9.21399676484785,2.78285988086454,201
"567",31.1816388436208,16.7087348105249,0.420459662310096,0.301058550833529,380,0.8097164593,10.0132991247777,2.71815610242493,202
"568",8.522734689876,15.7049154034327,0.0616817758559887,1.4005619193362,380,0.8097164593,3.03612111189279,0.540841531911576,203
"569",37.5963832876236,16.0114385888707,0.489685455910316,12.2014576956878,380,0.8097164593,8.66530531494355,3.55363254610128,204
"570",29.9656379963852,17.0867040281001,0.522435384582297,0.0988807567272404,380,0.8097164593,8.67857844428995,2.62384437594712,205
"571",38.1420608088351,18.9935875352643,0.718559633639345,0.100655549992805,380,0.8097164593,8.34228215109468,2.94382312577771,206
"572",40.0149039398224,20.6778895344849,0.849175977639177,0.00072703051711356,380,0.8097164593,8.91408868689772,2.93939656283542,207
"573",36.1234295092405,21.1723701624484,0.942958558029708,0.000333266871565057,380,0.8097164593,9.17846468211195,3.18287434031808,208
"574",45.6194142541419,17.8534893341585,0.824592229042136,0.000564329228700133,380,0.8097164593,9.86958318460694,3.58434462184317,209
"575",36.8464898975688,15.6739319360394,0.763176535564856,0,380,0.8097164593,9.39052247401141,3.50480864640336,210
"576",36.5906095808947,17.2566620224953,0.791490987685333,0.100367241105577,380,0.8097164593,9.41748202254785,2.99455186632122,211
"577",16.454439212314,15.8809837962854,0.254250635746856,0,380,0.8097164593,6.9480276211668,1.94808296474431,212
"578",37.345287100386,12.3039274793298,0.436382222553628,9.99989290829576,380,0.8097164593,8.02654992452645,3.89276875974075,213
"579",31.7477078797804,11.7649999625284,0.506139718902435,0.0987428151794864,380,0.8097164593,7.60889165997876,3.28157446925121,214
"580",36.2443556593831,10.4643180213176,0.508550356036897,0.000869513061818206,380,0.8097164593,7.79113425075836,3.26348840356156,215
"581",42.3169234839504,13.0385461820741,0.71967298573482,0,380,0.8097164593,8.05479891939865,3.37842883942702,216
"582",25.0882660980066,13.2220426842651,0.365121922000785,7.19805894131783,380,0.8097164593,7.40841480078205,2.26636983756202,217
"583",27.5828272490005,16.5778317335538,0.323322626263838,0.000502807297450946,380,0.8097164593,7.85719266679281,2.79146865507515,218
"584",19.6693007569593,14.9407963126509,0.319919233764491,0,380,0.8097164593,6.12892275966958,2.03671150539797,219
"585",32.0630419206105,15.2617190971299,0.507469227170742,0,380,0.8097164593,8.1424252370437,2.72781876984544,220
"586",36.9615863318354,16.0167351153852,0.609053602836811,0,380,0.8097164593,7.73481422945764,2.84285612931968,221
"587",23.1459404367487,15.5186866096955,0.392818575229637,8.50014041114513,380,0.8097164593,7.17416901296061,2.09398971137509,222
"588",31.8830645450146,15.6960149660646,0.547218770617197,0.099560773622017,380,0.8097164593,8.52075654173783,3.00842850617671,223
"589",20.2292170585943,12.6226794086544,0.199195669333829,19.2994713832859,380,0.8097164593,6.14816734945243,1.61378705045468,224
"590",23.0143567949392,13.1974112658216,0.232542098479818,7.10086094678193,380,0.8097164593,6.54644666735322,2.52443493309492,225
"591",22.3153513503129,14.3060666772307,0.285908288518513,0.201241780090861,380,0.8097164593,6.16141777158647,2.16298813705372,226
"592",36.9082900089977,14.4747640193759,0.454155939505703,0.300406374695954,380,0.8097164593,7.76546649092724,2.706582213341,227
"593",38.6344441903719,17.7250337578236,0.649546544498698,0.00158487760922955,380,0.8097164593,7.33020100017754,3.02943281976014,228
"594",27.2236924285072,18.5199662462586,0.515214963490589,1.59927643853282,380,0.8097164593,7.27868118343814,2.46991314072432,229
"595",28.4731463182585,19.0335863127281,0.461042731629513,0.000395280264016263,380,0.8097164593,8.13452003526426,2.6897961911633,230
"596",36.1506872096298,16.1342096977025,0.626642329255705,0.00211013361140074,380,0.8097164593,8.02669270964725,3.57106325173529,231
"597",38.2925983817262,15.1565566306921,0.687232605782087,3.88149758108839e-06,380,0.8097164593,7.85245754287969,3.00351617485616,232
"598",36.0165259313698,15.0474235419461,0.7242205682076,1.30129197873399,380,0.8097164593,7.41984788691807,2.99331805236706,233
"599",4.89739916220708,13.3367620717094,0.162584773493294,8.40035892034168,380,0.8097164593,2.14035229036952,0.519081266618355,234
"600",21.2113328218032,13.3838762014916,0.449736955010234,0.101015629694627,380,0.8097164593,6.05955005408887,1.93160743086597,235
"601",31.93243340663,14.5591494724166,0.684601627959237,0,380,0.8097164593,7.82048450706657,2.08045770716982,236
"602",28.1587515580444,15.1646269137278,0.55507574604486,0.0998774679618726,380,0.8097164593,7.3747381790461,2.012668649429,237
"603",21.176879206084,14.8069625541988,0.355821014137772,0.101562235312497,380,0.8097164593,5.35166483629577,1.39760793958088,238
"604",29.8136202004854,16.4125928128417,0.479717661978126,0.200349630620263,380,0.8097164593,6.56783722369195,2.180848389038,239
"605",14.6934094171055,15.611935737246,0.338538405602346,0,380,0.8097164593,5.49629991844201,1.32934565596886,240
"606",33.7370616027072,13.1173272559107,0.590142422118829,0.099183054493418,380,0.8097164593,7.32933753332687,2.8265657467497,241
"607",21.2971048760307,13.5816588169096,0.504191194023279,0.000245773174896245,380,0.8097164593,5.5607421559028,1.63648812008732,242
"608",20.6585242892772,14.263286294551,0.501672405879182,0.200473443465177,380,0.8097164593,5.27394517169988,1.1881751020992,243
"609",23.913075912402,13.8775615253813,0.414184280497923,3.90005692079286,380,0.8097164593,5.69781035107629,1.94304105832609,244
"610",22.3729013566202,13.3779107614595,0.391967692689786,0.00163652537468224,380,0.8097164593,6.23014298105062,1.51355684033739,245
"611",12.7231355223139,10.7821869953203,0.283723518179597,0,380,0.8097164593,5.52572648550342,1.00678585388058,246
"612",2.6904032478766,10.4789452271438,0.0817304783015178,0,380,0.8097164593,1.76384647574658,0.261060457283638,247
"613",9.8317124674488,12.7786966995219,0.121935230782296,10.8998616793405,380,0.8097164593,3.80807459278859,0.861920557471496,248
"614",5.15228058802681,13.1526159533504,0.0661007950261666,29.5969323009601,380,0.8097164593,1.97726208552683,0.307379317419618,249
"615",15.9502353060036,11.9267236209528,0.14850636905748,1.00136188810946,380,0.8097164593,4.68365607673815,1.3775793677787,250
"616",12.6853521338432,11.4912119755521,0.145281900482672,29.7010044249249,380,0.8097164593,4.25114429972848,0.810331132865242,251
"617",8.79634680626704,12.5456103799787,0.136732781787049,5.00131061818799,380,0.8097164593,3.43178689368198,0.587070340461218,252
"618",3.71507713290822,12.0517209261462,0.0800281913552583,13.4004612533913,380,0.8097164593,1.50928462871198,0.122736602310554,253
"619",2.89806146783127,9.50479748973266,0.0438718870110997,38.2985224054289,380,0.8097164593,1.06353520406998,0.129074207244498,254
"620",8.30988089990465,9.97928606866808,0.133688353821997,0.197972966440979,380,0.8097164593,3.67602317411317,0.643669543491128,255
"621",15.3845079853539,12.2760536000566,0.286373513657562,0.800090153530118,380,0.8097164593,4.77594561306667,1.45027932036257,256
"622",6.76008074807803,12.0014608422754,0.152117704748799,1.50076971912964,380,0.8097164593,2.34779284220577,0.551716941583985,257
"623",10.0469823545083,11.8571066260446,0.211532195662282,1.90195543099417,380,0.8097164593,4.1663145463679,0.605223157239785,258
"624",4.36067723495576,11.4858337682565,0.0670339458151653,14.2009590701984,380,0.8097164593,1.51863945544045,0.302360649438966,259
"625",9.76972042999851,11.2196719391716,0.143650513321753,0.101539963187529,380,0.8097164593,3.60214477313309,0.653227551398575,260
"626",17.5532950466438,13.778724759758,0.261704989875984,4.6941664039537e-05,380,0.8097164593,4.61635578079872,1.37654088118617,261
"627",19.0068681050355,14.4055626449942,0.336670926843755,0.100757578949672,380,0.8097164593,4.68370870826285,1.2502340327692,262
"628",20.6657313768586,15.0841718033012,0.420433862641475,0.10014838430508,380,0.8097164593,4.68624432984877,1.21790429745503,263
"629",19.1121964447158,13.5395658519255,0.462627746753729,0,380,0.8097164593,4.31321710728637,1.08664841899262,264
"630",12.5577604881577,11.7375117032204,0.286982788299291,0,380,0.8097164593,3.7348079752576,0.665996986746737,265
"631",19.3377866408933,12.8421413295816,0.40494515007589,0.299270126665289,380,0.8097164593,4.35815879105715,1.01402763222915,266
"632",5.12719301226614,7.75148257695798,0.150987629100092,0.500457396811471,380,0.8097164593,1.81775527826285,0.372379344367508,267
"633",19.0536208717231,4.47162056979548,0.261846528776772,0,380,0.8097164593,3.93899478889607,1.00987958187228,268
"634",19.1387723625307,5.02471471246577,0.228811425079065,0,380,0.8097164593,2.73675473435688,0.664194460690091,269
"635",13.120570616144,6.62888562143919,0.202055313712108,0.400091005182234,380,0.8097164593,3.01644972591818,0.820576931653297,270
"636",14.0117208589531,7.31186905847797,0.196600597315888,2.50106914975503,380,0.8097164593,3.04609195504548,1.01003178521387,271
"637",8.3661571304201,4.55182264736871,0.116884006990981,2.10069633896203,380,0.8097164593,2.00880195304269,0.548199259310193,272
"638",12.4793309115302,2.38333374362207,0.152665361046158,0.000442013362196558,380,0.8097164593,3.05266418778104,0.614126207179189,273
"639",15.3652416688546,3.41007785970335,0.262435896938834,0.099987110000566,380,0.8097164593,2.79130378050291,0.551431467347682,274
"640",11.5674404952661,4.44131694904708,0.167308008717207,7.29904379385379,380,0.8097164593,3.2216631130656,0.554409671075642,275
"641",4.26711500884666,8.52008909642355,0.0569850107786696,5.60081972402775,380,0.8097164593,1.40117012073734,0.211226666438809,276
"642",4.35464824038468,9.72224717450641,0.104587958679241,0.800466426433024,380,0.8097164593,1.35400628748895,0.405318631600621,277
"643",3.63468403830451,10.2875017234765,0.149467268498625,0,380,0.8097164593,1.24490443152798,0.406280852672885,278
"644",6.03196013183842,9.02014792022439,0.10033523035692,9.20031832892236,380,0.8097164593,1.66143503622462,0.479634674717704,279
"645",4.62020817813636,6.87150523501748,0.0647293673542255,0.699314683775215,380,0.8097164593,1.4456510903478,0.325624934417006,280
"646",2.3346099751945,5.96011349416489,0.021629866001719,2.00015853704848,380,0.8097164593,1.00042330282993,0.348185936119793,281
"647",1.18512542469649,9.1652319584196,0.0291945665867913,3.39985831561343,380,0.8097164593,0.57019955428723,0.252860336070746,282
"648",3.03234036615334,11.0350706385583,0.0752822284399264,5.69936521086991,380,0.8097164593,0.921503020774381,0.188685342201914,283
"649",3.87511907229797,9.93270107146401,0.0614580573086076,2.80052162331342,380,0.8097164593,1.25209913290753,0.224077473184005,284
"650",3.91464985445598,9.4368816668301,0.0498076521496408,1.60077048598932,380,0.8097164593,1.41842858898112,0.27776772321191,285
"651",3.45527987770739,7.66435154615223,0.0658524471520674,1.70015453914301,380,0.8097164593,0.917684850917422,0.278409502554593,286
"652",2.99675912222314,7.54826346977712,0.0510253115498907,0.40065580125735,380,0.8097164593,0.75774266337689,0.202218400129145,287
"653",10.4746988603022,7.76103212422038,0.179260718241398,0.202367773795609,380,0.8097164593,2.03684580304621,0.398123574544374,288
"654",10.5804768497391,5.3561110615973,0.100581664247381,0.600027570818196,380,0.8097164593,2.02293828525538,0.431671871682964,289
"655",3.06820894262405,9.15792066225536,0.125378397732065,0.699935072231663,380,0.8097164593,0.90728260894838,0.39588567114583,290
"656",2.35384076880145,8.85656227339733,0.0248966112649241,0.500590417568352,380,0.8097164593,0.67658837298991,0.20170698369473,291
"657",6.64819343299892,6.85093691752796,0.0998352734876979,0.100038476312048,380,0.8097164593,1.75465142183359,0.494906690331786,292
"658",5.85467599465717,4.69498735442402,0.177224309402522,0.000536453563763329,380,0.8097164593,1.57615041592106,0.386034317123689,293
"659",4.96539187174338,0.421082489767412,0.0867723834464516,0,380,0.8097164593,1.28804522197846,0.194825983523876,294
"660",4.59423007008504,2.15028670566796,0.107090050971681,0.40090965050618,380,0.8097164593,1.51547355687891,0.23042489665071,295
"661",7.51693212698455,1.22911712716373,0.142314754435714,0,380,0.8097164593,1.52508260417156,0.341568209888251,296
"662",8.72662058658496,-0.751596358834825,0.147224861276734,0.000876346845962063,380,0.8097164593,1.10742207365858,0.134271316299384,297
"663",5.54400560955465,-0.376942056511979,0.169492844768206,0.000148178612231565,380,0.8097164593,0.578061817733417,0.174249663425361,298
"664",4.04341806869584,4.19147916996415,0.233038647422466,0,380,0.8097164593,0.921827237416101,0.431424215871941,299
"665",0.875271080350061,6.83863839571421,0.0747217948355935,0.299579548669797,380,0.8097164593,0.226443530566021,0.214435139728806,300
"666",1.14033499224639,9.49726883465221,0.130332645292999,1.39936364240556,380,0.8097164593,0.28088978162843,0.294109910819262,301
"667",2.56487622358103,7.74867298870579,0.0681868640217769,1.59894072153732,380,0.8097164593,0.544546835823882,0.143201263541135,302
"668",2.6165617483526,3.44678502040198,0.0390864930028966,1.2012390039039,380,0.8097164593,0.783074168833025,0.17112171828113,303
"669",0.98694349377121,0.385139385137225,0.0211173171770075,17.3999048896021,380,0.8097164593,0.248511299524221,0.0672643195643489,304
"670",1.19544231455549,0.439015242982751,0.018340734903662,27.3012216046197,380,0.8097164593,0.345510659160468,0.118394897378148,305
"671",1.49974913537067,0.00380265707473707,0.0580621367041963,2.60070621278955,380,0.8097164593,0.389950454771294,-0.00850880120622156,306
"672",5.07590184797012,-0.474236993271274,0.146493523669608,0.200035195634134,380,0.8097164593,0.813163810387526,0.536451306117533,307
"673",4.34503186215882,4.94923220080555,0.19584040222424,0,380,0.8097164593,1.0131381161381,0.372660808065228,308
"674",3.03044582248337,3.74901607003164,0.199763401503829,0.000560478752832636,380,0.8097164593,0.771427475013539,0.195022586627909,309
"675",2.85656285595875,-1.22627271798301,0.0788066821148708,0,380,0.8097164593,0.729729962827323,0.164885954533775,310
"676",2.20668332917231,-3.70298136552779,0.0613056098754988,0.401096803953359,380,0.8097164593,0.00831129324762209,0.143680994214363,311
"677",2.26910233673016,-2.24314814467554,0.0380344168238974,0.00154587611871523,380,0.8097164593,0.117545668189173,0.151184367018381,312
"678",1.63572460980491,-4.31233884015234,0.0445407077935789,0,380,0.8097164593,0.111694959253372,0.230755746165228,313
"679",3.27195773268851,-5.16334563232931,0.0678324027029123,1.48935599146412e-05,380,0.8097164593,0.0133886478010404,0.0997353070433911,314
"680",4.0956479706239,-2.95302239817868,0.0693927537397161,2.60049966128873,380,0.8097164593,0.21352228190521,0.122464983161342,315
"681",3.18675071100116,3.33503684244285,0.209842366952336,0,380,0.8097164593,0.654853923327788,0.575049930605401,316
"682",3.42070233775123,0.342492839328286,0.170715178507145,0.59873509083892,380,0.8097164593,0.734414211971782,0.351189394578053,317
"683",1.92388099772085,-2.45581866749868,0.0345384556336437,0.600871205121615,380,0.8097164593,0.0996672650280454,0.14778506553535,318
"684",3.8950793026862,-4.2204829370676,0.0602782114640267,0.700858691724434,380,0.8097164593,0.193650772732541,0.0929643965576286,319
"685",0.974102960592798,-2.52978000644836,0.0424496240956564,7.59837125564459,380,0.8097164593,0.200434550679526,0.0189482098727878,320
"686",1.38976411959082,-2.69548561916761,0.0596775611452337,2.50072881918097,380,0.8097164593,0.19758192292171,0.00798302050265519,321
"687",1.90801967216708,-2.84703306967922,0.0771217889035955,0,380,0.8097164593,0.184181770131096,0.087605962225803,322
"688",1.87590602905407,-2.99261733869342,0.0982423153271085,0.001257069110222,380,0.8097164593,0.338719696382367,0.139549623632913,323
"689",3.11752268082036,-5.93250546729885,0.0483692529844304,0.400770482197473,380,0.8097164593,0.129536956226042,0.0737782915700766,324
"690",0.869833367655004,-3.75787916439575,0.0142883215263718,0.499263888843615,380,0.8097164593,0.00577939778050601,0.128097224651563,325
"691",0.424875362957376,-1.15968130918368,0.0326696587546759,4.30235103901674,380,0.8097164593,0.0661270836396536,0.194222848717485,326
"692",0.699226814599423,-4.5888762477996,0.049685459553667,6.2992883691039,380,0.8097164593,-0.00089580919182332,0.181956704623241,327
"693",1.06113486412373,-3.44681833603782,0.0428080138117064,0.401315388807654,380,0.8097164593,0.0287231364315939,0.167567048714193,328
"694",1.34550422308817,-3.91662914821794,0.0438059634683617,0.000952200213323416,380,0.8097164593,0.00202295182998965,0.038406022646239,329
"695",1.91445982320188,-4.29459441355774,0.0737595599247272,0.000507480457077652,380,0.8097164593,0.0202358956881895,0.136194393529949,330
"696",0.461837648742614,-2.73947511219592,0.0362991873882322,0.701771358827174,380,0.8097164593,0.0615976888829324,0.156390083152651,331
"697",0.54793584970124,-0.202927027861707,0.0178488352564649,2.10069459997592,380,0.8097164593,0.0858922187111518,0.175913319367562,332
"698",0.211920633870477,-0.362764197251422,0.031541949235076,0.599782496633379,380,0.8097164593,0.0222214526782375,0.152208954814869,333
"699",0.415461446184154,-0.672296343090461,0.0309636743025408,0.400575645691533,380,0.8097164593,0.0325078633653213,0.155568920308231,334
"700",0.466338762585884,-2.86068380705149,0.0474705950056779,0.101771405656998,380,0.8097164593,0.0522306739558674,0.0999030063300451,335
"701",0.429428981709522,-4.81677913735168,0.0506417636089713,0,380,0.8097164593,0.02039693480227,0.0782063600938083,336
"702",0.505763434396214,-4.07981317394605,0.044158521317935,0.39964542204786,380,0.8097164593,-0.0134597689222304,0.124697973327311,337
"703",0.570444902755792,-0.593181640640464,0.016387505206712,0.400381578596812,380,0.8097164593,0.0436966458507873,0.15302604346087,338
"704",0.594950370507769,-4.54204826523925,0.036460386818297,0,380,0.8097164593,9.5575025216424e-05,0.0468917433170363,339
"705",1.55434975722343,-5.6386943694703,0.0570383406499819,0,380,0.8097164593,-0.00116966322342112,0.0611905869227975,340
"706",0.69976799997087,-5.62193470175044,0.048821650278597,0.00139269645306826,380,0.8097164593,0.07542120769004,0.114672689982578,341
"707",0.458078405088674,-5.20078452216072,0.0271646704254748,0.000619017041807516,380,0.8097164593,0.00116873391672408,0.0585755217303696,342
"708",0.301023662439583,-3.51840457983556,0.0384337132804789,4.49903381002303,380,0.8097164593,0.0258807353210188,0.124829733222851,343
"709",0.386024879093826,-0.457835998219149,0.0331306638620969,0,380,0.8097164593,0.0162609788097582,0.317970069363862,344
"710",0.44895403794671,-1.20207056488624,0.0317055950248151,0.000312680987378848,380,0.8097164593,-0.00144581328227482,0.247429552802889,345
"711",0.573297344865464,-2.97283097175739,0.0287523047496346,0.200223887059567,380,0.8097164593,0.000925550882441403,0.234967845523796,346
"712",0.330542982905049,-3.53491073653568,0.0306548588135589,0.301715398858717,380,0.8097164593,-0.000299037464288706,0.0209123668338224,347
"713",0.189942972050013,-0.760368346550922,0.0251125200738519,0.100435816608928,380,0.8097164593,0.016653119070638,0.0118023069758808,348
"714",1.25948822275496,-3.13958713635162,0.0433404535987466,0.0999601232521049,380,0.8097164593,0.0186458752336559,-0.0486569826850752,349
"715",1.04278791383681,-6.36801486598985,0.0372229159295044,0,380,0.8097164593,-0.00140630806326601,-0.0176400374328409,350
"716",0.759364090650992,-5.11387177251859,0.0355531625859311,0,380,0.8097164593,0.000317115648898703,-0.0215362711150248,351
"717",0.398078352060388,-3.87647459426526,0.0320292807917739,1.30061308398789,380,0.8097164593,7.645598159617e-06,-0.0284105635103108,352
"718",0.830022091672894,-10.3178963313345,0.0239513701911113,7.29803856838322,380,0.8097164593,-0.000418407475376097,0.00507584086128303,353
"719",0.336824530553371,-5.87466782284154,0.0225247007801264,2.39979730398657,380,0.8097164593,-0.0687571966781901,0.0569813282102458,354
"720",0.287432478514598,-12.9680996422106,0.0066573512029066,0.19980123752467,380,0.8097164593,0.000317023259161422,-0.00785886870849501,355
"721",0.32019326846674,-18.4679634084122,0.0116401771283588,0.00172111295397885,380,0.8097164593,-0.000425224568435073,-0.00787223415917108,356
"722",0.302249304694125,-21.4365457805641,0.00693864427254181,0.00047657349974417,380,0.8097164593,8.91940201983544e-07,-0.00720835438872759,357
"723",0.298123913902149,-17.3246447353501,0.0122994071015476,0,380,0.8097164593,-0.000261559096134977,-0.0067409971758056,358
"724",0.312891901783394,-13.6230541233947,0.0123816816711086,0.101487946157828,380,0.8097164593,0.00122887502601648,0.0318680985768346,359
"725",0.311605555863918,-12.5060311568803,0.0131478257699633,2.00012750464443,380,0.8097164593,-0.000559321310903378,0.0330023160181295,360
"726",0.324602852664619,-14.2789704878388,0.00961731579986674,1.59965113221361,380,0.8097164593,-0.00204189432111492,0.0623533937095198,361
"727",0.321746365195253,-16.1003340288074,0.00882968265612975,0.200480957607616,380,0.8097164593,0.000789429537597531,0.0372878405876468,362
"728",0.329497908767895,-19.2830594089671,0.00636324316645245,0.000134614574236024,380,0.8097164593,0.00146853852553331,0.0369547645042835,363
"729",0.345591181063502,-21.1266476886715,0.00683554937903098,0,380,0.8097164593,-0.000433802813608778,0.0370248806394295,364
"730",0.353544126704611,-21.0660093651301,0.00655704949729481,0.201607942302181,380,0.8097164593,3.74813099571767e-05,0.0393726788297557,365
