,site2
0,-0.012156367
1,-0.2940402
2,-0.38518715
3,-0.35847938
4,-0.41082585
5,-0.43363404
6,-0.24404752
7,-0.08979237
8,0.07633674
9,0.31344962
10,0.4076631
11,0.37548566
12,0.38480377
13,0.41963148
14,0.47096175
15,0.50216496
16,0.38104188
17,0.24814117
18,0.23287332
19,0.07794452
20,-0.0673455
21,-0.16054165
22,-0.19501138
23,0.09167671
24,0.17499721
25,-0.028841019
26,-0.21949053
27,0.05964172
28,0.22601116
29,0.02010119
30,-0.010963082
31,0.17819107
32,0.14308023
33,0.069589615
34,0.105234265
35,0.23694444
36,0.29450774
37,0.3015449
38,0.32683563
39,0.4069866
40,0.42184925
41,0.29550707
42,0.18564224
43,-0.018011332
44,-0.33500242
45,-0.54798746
46,-0.23846257
47,0.07918298
48,0.05355549
49,-0.06705475
50,0.17900145
51,0.45617372
52,0.5540174
53,0.2335794
54,0.46422654
55,0.54600525
56,0.3573326
57,0.3158127
58,0.21717489
59,0.21253896
60,0.3000598
61,0.03210461
62,-0.22778904
63,-0.25903034
64,-0.19572186
65,0.14929914
66,0.29312158
67,0.38560402
68,0.6844432
69,0.87129956
70,0.7038908
71,0.5506825
72,0.48235536
73,0.3400042
74,0.26755238
75,0.42369342
76,0.36691022
77,0.2845291
78,-0.023827434
79,-0.3757069
80,-0.40709436
81,-0.44242346
82,-0.2170949
83,0.008716345
84,-0.23506606
85,0.07290387
86,0.44459617
87,0.6881946
88,0.73934084
89,1.2927179
90,1.2833233
91,1.8306336
92,1.2719045
93,1.1405076
94,0.89817685
95,1.0618426
96,1.0367546
97,0.9908298
98,0.8723216
99,0.93007517
100,0.97013515
101,1.0532718
102,0.40905857
103,0.56636393
104,0.8637477
105,1.2870897
106,1.6805559
107,1.1936972
108,1.1347853
109,1.0060976
110,1.066521
111,1.2771225
112,2.4048772
113,2.4911883
114,2.7996225
115,3.0624075
116,2.9767337
117,3.3211212
118,5.722546
119,6.3740554
120,5.4762793
121,5.7856655
122,5.7337666
123,5.151575
124,3.1539714
125,3.1888669
126,2.351899
127,4.6892104
128,5.5212893
129,8.603967
130,6.4455094
131,4.0473347
132,2.764948
133,2.6000075
134,2.4341412
135,2.9136145
136,3.0528243
137,1.8423185
138,3.2036617
139,3.9562979
140,3.3989105
141,4.7385125
142,5.478179
143,4.872458
144,5.66968
145,4.84003
146,4.5856385
147,5.9693685
148,6.3113694
149,8.553698
150,9.627224
151,8.580958
152,6.125962
153,12.20874
154,12.496818
155,11.559709
156,6.4308777
157,9.800891
158,10.780509
159,5.124821
160,5.6462574
161,5.315406
162,5.342583
163,5.740987
164,8.025808
165,5.267843
166,11.224934
167,5.8543315
168,5.688902
169,12.242133
170,8.67365
171,8.923968
172,11.04426
173,6.26426
174,8.011098
175,9.336512
176,12.623562
177,12.5473585
178,10.725151
179,7.074812
180,9.2601385
181,8.42064
182,9.526679
183,8.721365
184,8.987273
185,11.316499
186,11.208217
187,8.41036
188,11.299495
189,7.3642907
190,8.378919
191,8.918109
192,7.074812
193,8.740015
194,9.327093
195,8.288169
196,7.3991203
197,7.1622596
198,7.074812
199,8.128119
200,7.074812
201,4.343919
202,5.6082435
203,9.192505
204,9.768065
205,9.10172
206,9.553295
207,10.001108
208,8.470203
209,9.331205
210,9.89588
211,8.982615
212,7.074812
213,7.892797
214,6.914679
215,7.074812
216,7.074812
217,6.2474127
218,7.074812
219,2.3665318
220,6.959297
221,7.074812
222,6.2877603
223,7.074812
224,6.279466
225,7.074812
226,6.5065136
227,4.2171082
228,5.2913027
229,6.5397468
230,6.988493
231,5.939305
232,6.2121844
233,5.9004574
234,6.864687
235,6.0193224
236,5.7584352
237,4.900673
238,4.9914474
239,2.759478
240,4.957551
241,5.1124897
242,5.4147186
243,4.442529
244,4.0447555
245,3.6620593
246,5.8031445
247,4.446424
248,5.409821
249,5.5012226
250,5.3836527
251,4.154031
252,4.526438
253,3.4114928
254,3.1347873
255,3.4101338
256,1.7978956
257,1.8063958
258,1.569604
259,1.5044005
260,1.7088859
261,2.0433686
262,2.0545158
263,2.8021865
264,2.3156614
265,3.0969806
266,3.0233083
267,2.8284829
268,2.420638
269,2.3063285
270,2.2207706
271,1.7043405
272,2.7387502
273,2.239016
274,2.213786
275,2.4812455
276,2.49163
277,2.418056
278,2.2990222
279,2.6890736
280,2.4092577
281,1.9013219
282,2.3162832
283,2.298346
284,2.8210812
285,2.330387
286,2.326102
287,2.3958998
288,1.2356967
289,1.5670033
290,1.7133906
291,1.3458188
292,1.9225917
293,1.2662126
294,1.8372883
295,1.6181848
296,1.2725842
297,1.9042524
298,1.2438828
299,1.5303047
300,1.45816
301,1.1687963
302,0.991523
303,0.73302996
304,0.80397785
305,0.8494601
306,0.95587575
307,1.1399221
308,1.1363772
309,0.8055844
310,0.6241408
311,0.6671141
312,0.8291857
313,1.0582613
314,0.94743866
315,0.89739656
316,1.0572745
317,1.0249681
318,0.7913057
319,0.7762811
320,0.5124918
321,0.4900664
322,0.56962615
323,0.41345823
324,0.25409627
325,0.19289136
326,0.0399822
327,0.1834724
328,0.37834013
329,0.36953032
330,0.37090373
331,0.6034547
332,0.75788707
333,0.626466
334,0.5103597
335,0.75657004
336,0.4319662
337,0.3504417
338,0.2516508
339,0.09907246
340,-0.120250106
341,-0.16157806
342,-0.03282833
343,0.037528276
344,-0.13514745
345,-0.031026244
346,0.22757578
347,0.26694012
348,0.04330206
349,-0.18631458
350,-0.14520276
351,0.025359869
352,0.22626019
353,0.27777898
354,0.19606757
355,0.03809738
356,-0.01180625
357,-0.081768274
358,-0.2008208
359,-0.04943061
360,0.1976912
361,-0.012563348
362,-0.12256777
363,0.08055222
364,0.16700447
365,0.20028448
366,0.11462116
367,-0.06688106
368,-0.006704092
369,0.1908263
370,0.33946335
371,0.49509054
372,0.5653821
373,0.4755519
374,0.6101422
375,0.818103
376,0.64816004
377,0.4974373
378,0.419505
379,0.64700264
380,0.6246151
381,0.8220066
382,1.0286077
383,0.93358576
384,0.90325296
385,0.76487935
386,0.50218314
387,0.8856716
388,1.0684602
389,0.83754796
390,0.9656259
391,0.88154644
392,0.9994978
393,0.9396814
394,0.79147816
395,0.6914814
396,0.7665762
397,0.7361846
398,0.77067715
399,0.75734746
400,0.9578893
401,1.1612442
402,1.0015287
403,1.2656791
404,1.17685
405,0.9884175
406,0.9527943
407,0.8491108
408,0.99845064
409,0.74591416
410,0.4813807
411,0.6898063
412,1.1825602
413,1.092916
414,1.114427
415,0.87246877
416,1.0153782
417,1.1667172
418,1.1752322
419,1.4795684
420,1.0003752
421,1.2719252
422,1.2474349
423,0.9790582
424,1.0624183
425,1.2046309
426,0.95846367
427,0.9510262
428,0.87659216
429,1.0603151
430,1.2846061
431,2.1425807
432,1.2600348
433,2.0361676
434,1.8515055
435,1.5419996
436,1.228838
437,1.2144653
438,1.443942
439,1.8714617
440,1.2848341
441,1.2330692
442,1.0731487
443,1.0119121
444,0.69850236
445,0.8884649
446,0.77683353
447,0.5601257
448,1.0293738
449,0.95177174
450,1.1748219
451,1.2206546
452,1.3036877
453,2.5051088
454,2.2705166
455,2.9191973
456,2.0948672
457,2.3577042
458,2.475865
459,2.368214
460,2.0662203
461,2.109398
462,1.2591696
463,2.2364957
464,2.2891917
465,1.8671157
466,2.4952033
467,3.1753895
468,3.0190878
469,3.205336
470,2.6522713
471,2.4659047
472,3.478375
473,3.1570063
474,3.0885015
475,3.2985291
476,3.3644562
477,3.7859955
478,4.069101
479,3.5429397
480,5.46905
481,5.918263
482,6.6861286
483,4.589318
484,5.7453294
485,4.806709
486,6.885019
487,6.9406133
488,7.586088
489,6.6254115
490,7.135571
491,9.377176
492,7.074812
493,10.029821
494,10.976726
495,11.897592
496,12.667856
497,11.233828
498,6.252603
499,10.144569
500,11.847083
501,9.161585
502,9.154635
503,5.2865577
504,10.51613
505,8.902926
506,12.188495
507,10.387816
508,12.884339
509,11.420824
510,3.262236
511,12.041141
512,12.808658
513,11.739294
514,15.45828
515,15.45828
516,15.45828
517,15.398229
518,15.45828
519,15.45828
520,15.45828
521,15.45828
522,15.148283
523,15.45828
524,15.45828
525,10.618396
526,15.063153
527,12.370324
528,11.86296
529,13.149844
530,13.006622
531,11.053618
532,15.261008
533,11.391561
534,9.39919
535,11.141513
536,15.45828
537,7.074812
538,9.3118925
539,15.45828
540,13.15783
541,10.304747
542,9.716128
543,6.5422387
544,11.095147
545,13.203896
546,13.193292
547,13.196178
548,13.521306
549,12.163985
550,13.801292
551,12.098221
552,12.970761
553,8.234522
554,13.936136
555,9.811821
556,9.102232
557,12.366658
558,15.45828
559,9.914652
560,8.392975
561,9.8101
562,10.728851
563,7.074812
564,7.074812
565,10.358154
566,7.047118
567,9.336908
568,7.074812
569,9.355533
570,12.457665
571,11.932764
572,8.834404
573,9.33601
574,9.979121
575,9.520328
576,8.947336
577,8.488208
578,7.3612533
579,7.074812
580,5.3549094
581,7.074812
582,7.074812
583,6.8970823
584,7.0135956
585,7.074812
586,5.987793
587,7.0353413
588,6.5615687
589,6.81267
590,7.074812
591,7.074812
592,7.0574737
593,7.074812
594,6.7334404
595,6.4601607
596,6.442479
597,6.506305
598,6.443223
599,3.5818858
600,6.5355287
601,6.057733
602,5.8219643
603,5.785196
604,6.239692
605,6.508099
606,6.4391685
607,6.4989743
608,6.0879426
609,5.9805207
610,6.0528083
611,6.2153573
612,6.1617556
613,5.771951
614,5.685904
615,5.5944085
616,5.514243
617,5.2787986
618,5.405422
619,5.975009
620,5.6615076
621,4.904418
622,5.2462997
623,4.3201075
624,4.8144193
625,4.5425086
626,4.2720556
627,4.7212877
628,5.1680775
629,3.8395677
630,4.640477
631,5.2921085
632,4.9852004
633,4.6015706
634,5.039573
635,4.7447467
636,4.443571
637,2.9770637
638,2.212522
639,2.8918328
640,2.923932
641,3.0103073
642,1.504046
643,2.9472597
644,2.9013782
645,2.988473
646,3.220201
647,2.9206514
648,2.7237043
649,3.1771357
650,2.972443
651,3.1891103
652,2.0049205
653,2.6483827
654,2.7361946
655,2.1575944
656,2.741702
657,2.7529855
658,2.3752105
659,2.4268425
660,2.3690634
661,1.8599302
662,2.459292
663,1.7124157
664,2.1900506
665,1.8832326
666,1.7198181
667,1.2822348
668,1.7014823
669,1.1515169
670,1.2665725
671,1.3695836
672,1.4169571
673,1.4022775
674,1.3423257
675,1.1929888
676,1.619373
677,1.3110056
678,1.2391852
679,1.0438907
680,1.2228903
681,1.2677559
682,1.0875993
683,1.3077788
684,1.2967868
685,1.1825571
686,0.859022
687,1.0258973
688,1.1949161
689,1.0323241
690,0.66254175
691,0.6500434
692,0.64678746
693,0.6268841
694,0.84540725
695,1.0974656
696,1.1254914
697,0.77227104
698,0.7348341
699,0.83900857
700,0.6323274
701,0.40276325
702,0.31591785
703,0.41120362
704,0.6237277
705,0.6785007
706,0.6532091
707,0.4366039
708,0.48564088
709,0.32617092
710,0.25963414
711,0.38746405
712,0.50499374
713,0.5385143
714,0.5368333
715,0.5349902
716,0.4837944
717,0.75721526
718,0.8711266
719,0.89453155
720,0.96401405
721,0.8898538
722,0.79162514
723,0.81244665
724,0.53784806
725,0.48011833
726,0.5538977
727,0.4216826
728,0.3317337
729,0.20328295
730,0.4489429
731,0.6926645
732,0.9970484
733,0.8945772
734,1.0761825
735,1.286841
736,1.1004524
737,1.0710604
738,1.2420921
739,0.8861059
740,0.97101855
741,0.94655
742,0.95079136
743,0.8034438
744,0.7994075
745,0.76637346
746,1.1104839
747,1.4391826
748,1.3412563
749,1.1817031
750,1.1799517
751,1.2934841
752,1.0417765
753,1.1203458
754,1.1397722
755,0.9945196
756,0.9705123
757,0.87616247
758,0.67373455
759,0.82109535
760,0.7537961
761,1.0489645
762,1.0596876
763,1.1307316
764,1.694134
765,1.6906049
766,2.2695642
767,2.0535858
768,1.8919113
769,1.9152539
770,1.828233
771,1.8977115
772,1.7758555
773,1.8306233
774,1.819417
775,1.4918159
776,1.6267655
777,2.0757928
778,2.0698638
779,2.2528517
780,2.4922748
781,2.9061716
782,2.7895305
783,2.6256895
784,2.6966848
785,2.2427301
786,2.4133518
787,2.817261
788,3.1070616
789,2.6306448
790,2.8091393
791,2.8565226
792,1.5146761
793,1.2882947
794,1.2085301
795,1.3031018
796,2.4975913
797,2.0923476
798,0.91902363
799,1.0058904
800,2.8048356
801,3.5686746
802,4.183008
803,3.0900192
804,2.95941
805,2.897131
806,3.8072557
807,2.5148563
808,2.1659129
809,1.0982147
810,1.0700803
811,1.2119825
812,1.1784774
813,2.5990067
814,2.390145
815,2.1717165
816,2.70888
817,4.86701
818,2.3395753
819,2.9956422
820,3.0970187
821,5.1089973
822,3.7663536
823,5.377178
824,4.6129932
825,3.0385485
826,3.7617555
827,2.9225078
828,4.8683343
829,3.2041256
830,4.6930027
831,4.3034897
832,3.9683971
833,4.892072
834,4.7005525
835,4.8025956
836,3.2249017
837,3.3046408
838,5.341733
839,4.9027505
840,4.4912744
841,5.685469
842,5.9020085
843,6.220968
844,6.2424707
845,7.367626
846,5.6087594
847,4.586286
848,6.277553
849,5.2151637
850,6.214522
851,7.8763766
852,8.894162
853,9.373902
854,5.638004
855,8.176124
856,8.813928
857,6.535457
858,6.665383
859,8.186556
860,10.299733
861,10.588158
862,9.235151
863,7.074812
864,7.8909726
865,7.074812
866,9.222794
867,7.074812
868,7.074812
869,10.517434
870,13.014823
871,9.819575
872,7.074812
873,8.247145
874,7.074812
875,8.680831
876,6.8376126
877,9.197821
878,9.875083
879,12.640063
880,7.5354304
881,9.606847
882,8.14407
883,10.843866
884,15.45828
885,6.583004
886,12.8974695
887,12.717737
888,9.472305
889,9.129397
890,7.468027
891,7.306785
892,9.20847
893,9.622616
894,11.979851
895,7.870788
896,6.4948306
897,10.054699
898,11.05478
899,11.725467
900,8.506205
901,8.2243
902,7.396747
903,7.074812
904,7.074812
905,7.074812
906,7.4565945
907,9.907212
908,9.57717
909,8.6468
910,8.9052105
911,8.063529
912,7.074812
913,7.605802
914,9.502709
915,8.371989
916,7.970847
917,8.887195
918,9.163714
919,9.038943
920,8.4604845
921,7.074812
922,7.074812
923,8.141975
924,8.708801
925,10.852437
926,9.483662
927,7.074812
928,7.4027452
929,8.10036
930,7.696172
931,8.605334
932,9.829689
933,12.028419
934,7.9596963
935,7.074812
936,7.074812
937,7.074812
938,7.074812
939,7.074812
940,7.074812
941,7.074812
942,7.271395
943,7.074812
944,6.9676394
945,7.074812
946,7.074812
947,7.074812
948,7.074812
949,7.074812
950,7.074812
951,7.074812
952,7.074812
953,6.8007894
954,7.074812
955,6.3144107
956,7.074812
957,7.074812
958,6.895906
959,6.746474
960,6.637479
961,6.8532124
962,7.033502
963,6.9183164
964,6.960065
965,6.866264
966,6.668569
967,6.654165
968,6.704294
969,6.577002
970,6.5903196
971,6.6302147
972,6.541496
973,5.7715955
974,5.8264675
975,5.589649
976,5.6028023
977,5.4033546
978,6.064098
979,6.2433457
980,6.306571
981,5.730825
982,5.3096943
983,5.396479
984,5.5160527
985,5.225521
986,5.906529
987,5.9357696
988,6.1380615
989,5.542362
990,5.2324457
991,4.928874
992,5.5456486
993,5.842936
994,5.129342
995,5.4604373
996,4.889673
997,5.1677856
998,4.9125834
999,5.0889654
1000,5.0747705
1001,4.9174733
1002,4.3656745
1003,4.041587
1004,4.36306
1005,3.7062707
1006,3.3570108
1007,3.736999
1008,4.4260516
1009,3.604663
1010,4.349614
1011,4.457972
1012,4.217224
1013,4.435382
1014,4.082081
1015,3.8811398
1016,3.9468431
1017,3.8040767
1018,3.956111
1019,4.286456
1020,3.2929606
1021,3.136314
1022,3.3429608
1023,2.8408692
1024,3.1911116
1025,2.9197469
1026,2.662055
1027,2.8130732
1028,3.023802
1029,2.3873317
1030,2.5970762
1031,2.0245285
1032,0.96965843
1033,1.5639179
1034,2.1730707
1035,1.6646706
1036,1.5879521
1037,2.422562
1038,2.0180864
1039,2.4763677
1040,2.3301086
1041,2.4127119
1042,2.4653249
1043,2.445716
1044,2.2216778
1045,1.8686717
1046,1.7475009
1047,1.3569183
1048,1.6022475
1049,2.0188239
1050,1.3479062
1051,1.2328378
1052,1.568014
1053,1.4610947
1054,1.2846963
1055,1.4599682
1056,1.117269
1057,0.9825768
1058,0.98481643
1059,0.8615743
1060,0.8938345
1061,0.80821526
1062,0.46449572
1063,-0.7885066
1064,0.4895206
1065,0.96827316
1066,0.7851126
1067,1.0075449
1068,1.1622009
1069,1.2268145
1070,1.2797405
1071,1.1524786
1072,1.082231
1073,0.9951519
1074,0.87107384
1075,0.95921314
1076,0.84916705
1077,1.0676455
1078,0.94117534
1079,0.8494981
1080,0.891202
1081,1.0747498
1082,1.0545595
1083,1.2264357
1084,1.2988364
1085,1.1711023
1086,1.0623236
1087,0.8327886
1088,0.64848125
1089,0.6579261
1090,0.8316466
1091,0.8939777
1092,0.933926
1093,0.94543576
1094,1.0508449
1095,0.39271975
1096,0.18839955
1097,-0.055917263
1098,3.2663345e-05
1099,0.335716
1100,0.5094052
1101,0.7475137
1102,0.78525263
1103,0.80150145
1104,0.9079956
1105,0.9195265
1106,0.8570378
1107,0.7735653
1108,0.8677997
1109,0.88501567
1110,0.9674455
1111,0.7284044
1112,0.89994425
1113,0.9937787
1114,1.0466068
1115,1.0209794
1116,0.7204868
1117,0.7453257
1118,1.0454202
1119,0.89090574
1120,0.8413772
1121,0.7362076
1122,0.77891076
1123,0.8851081
1124,0.78512865
1125,0.80328274
1126,0.75737077
1127,1.1454018
1128,1.1128659
1129,1.2391894
1130,1.2640892
1131,1.5313393
1132,1.2319288
1133,1.2982225
1134,1.878452
1135,1.257689
1136,1.2100635
1137,1.2298168
1138,1.0824931
1139,1.036395
1140,0.7093065
1141,0.6755556
1142,0.8607287
1143,1.1077237
1144,1.7385705
1145,1.5760376
1146,1.7178371
1147,2.470069
1148,2.463028
1149,2.0708394
1150,1.879784
1151,2.2093933
1152,2.1702666
1153,1.3161817
1154,1.7223473
1155,2.0191803
1156,2.153957
1157,1.6855088
1158,1.1917778
1159,1.2352473
1160,1.9294659
1161,2.4770393
1162,2.8130536
1163,3.206216
1164,2.9371176
1165,2.9284277
1166,2.7086072
1167,2.4482758
1168,2.9244523
1169,2.2011147
1170,2.562541
1171,2.3647113
1172,1.3318465
1173,1.4084189
1174,1.4998963
1175,1.8592182
1176,1.6481813
1177,1.721739
1178,1.31428
1179,1.5500216
1180,2.2506838
1181,2.9762154
1182,3.00004
1183,4.0871973
1184,4.766406
1185,4.6051893
1186,3.908751
1187,3.762097
1188,3.859509
1189,4.0478287
1190,3.069582
1191,2.1771
1192,2.885552
1193,2.606329
1194,2.8342147
1195,2.7393842
1196,4.2755566
1197,5.376049
1198,4.4377146
1199,4.0070376
1200,4.4133205
1201,3.2282944
1202,3.6632137
1203,4.736444
1204,4.9496784
1205,6.5352964
1206,6.300918
1207,6.3070173
1208,6.753565
1209,5.1919303
1210,7.074812
1211,7.074812
1212,7.074812
1213,6.894583
1214,6.879691
1215,7.074812
1216,7.074812
1217,7.074812
1218,7.074812
1219,6.832438
1220,7.074812
1221,7.075259
1222,7.8156824
1223,8.299534
1224,7.928208
1225,7.931634
1226,8.072917
1227,8.810452
1228,8.53299
1229,7.9794497
1230,7.074812
1231,7.074812
1232,7.074812
1233,9.26536
1234,8.020474
1235,7.074812
1236,7.074812
1237,7.074812
1238,7.192084
1239,8.486418
1240,7.074812
1241,7.074812
1242,7.074812
1243,7.1850076
1244,7.074812
1245,7.074812
1246,7.074812
1247,7.074812
1248,7.074812
1249,7.074812
1250,7.3952665
1251,7.074812
1252,7.074812
1253,7.257604
1254,8.421813
1255,8.382581
1256,7.93043
1257,8.272018
1258,7.565529
1259,9.720949
1260,9.229975
1261,7.074812
1262,9.559508
1263,7.722675
1264,7.074812
1265,7.074812
1266,7.074812
1267,7.074812
1268,7.8579826
1269,8.865127
1270,7.074812
1271,7.074812
1272,7.074812
1273,7.074812
1274,7.074812
1275,7.074812
1276,7.4014044
1277,7.074812
1278,7.074812
1279,7.074812
1280,7.074812
1281,7.074812
1282,7.074812
1283,7.074812
1284,7.074812
1285,7.074812
1286,7.074812
1287,7.074812
1288,7.074812
1289,7.4239078
1290,7.074812
1291,7.074812
1292,7.074812
1293,7.074812
1294,7.074812
1295,7.074812
1296,7.291322
1297,7.074812
1298,7.074812
1299,7.074812
1300,7.006864
1301,6.8708043
1302,6.601512
1303,6.6199064
1304,6.7172723
1305,6.3896093
1306,6.4544272
1307,6.531592
1308,6.6507826
1309,6.1291776
1310,6.2060924
1311,6.5866017
1312,6.6389327
1313,6.429078
1314,6.370795
1315,6.4909225
1316,6.415034
1317,6.0595174
1318,5.9515953
1319,6.1766596
1320,6.582557
1321,6.5734973
1322,5.9794745
1323,6.810498
1324,6.3439274
1325,6.2577863
1326,6.319284
1327,6.189084
1328,6.279097
1329,6.540482
1330,6.0034823
1331,6.483367
1332,5.974166
1333,5.696091
1334,5.414801
1335,5.3124
1336,5.9748025
1337,6.040682
1338,5.777547
1339,5.484315
1340,5.1600075
1341,5.5730243
1342,5.1948524
1343,4.625092
1344,4.986345
1345,5.218371
1346,5.4145093
1347,5.1063323
1348,5.000989
1349,5.2241993
1350,6.205046
1351,4.226271
1352,4.6639433
1353,4.2683315
1354,4.216028
1355,4.1709747
1356,4.1812544
1357,4.274461
1358,4.529042
1359,4.231657
1360,3.939693
1361,4.706266
1362,4.6223984
1363,4.940004
1364,3.7654648
1365,4.4650126
1366,3.4340665
1367,4.008103
1368,3.6587114
1369,4.644789
1370,3.654481
1371,3.257608
1372,3.175836
1373,3.1810048
1374,3.7920465
1375,3.9703145
1376,3.57167
1377,3.591823
1378,4.0657763
1379,3.778524
1380,4.109931
1381,3.284876
1382,3.663114
1383,3.2054982
1384,3.0472748
1385,2.8762584
1386,2.5284562
1387,3.1629183
1388,3.197376
1389,2.802853
1390,2.8227246
1391,2.5460167
1392,1.9262711
1393,2.5627036
1394,2.1337821
1395,2.2239094
1396,1.2903078
1397,1.2756345
1398,1.8175213
1399,1.5652958
1400,1.3835812
1401,1.6424575
1402,2.1070094
1403,2.3046577
1404,2.3714485
1405,2.4590788
1406,2.2954054
1407,2.341738
1408,2.3468885
1409,2.5661092
1410,2.138812
1411,1.5346035
1412,1.2595549
1413,1.3687384
1414,2.0841846
1415,1.4127614
1416,0.98341286
1417,1.0326581
1418,1.0775158
1419,1.014611
1420,0.7600854
1421,0.6500673
1422,0.5930386
1423,0.5169523
1424,0.6920905
1425,0.9050159
1426,1.0666562
1427,0.8471697
1428,0.7427399
1429,0.703243
1430,0.9393048
1431,0.8485448
1432,0.7611235
1433,0.80587476
1434,0.87748504
1435,0.8646855
1436,0.8465581
1437,0.7675638
1438,0.5602976
1439,0.47485393
1440,0.49060482
1441,0.554236
1442,0.6733421
1443,0.70022327
1444,0.6643004
1445,0.6449906
1446,0.76622593
1447,0.45386404
1448,0.55836636
1449,0.7314735
1450,0.8758498
1451,0.83322734
1452,0.561961
1453,0.4737891
1454,0.102534056
1455,-0.011640906
1456,0.03547454
1457,-0.08933401
1458,-0.10166693
1459,-0.10078001
1460,0.080726266
1461,0.010960817
1462,0.137012
1463,0.13433516
1464,0.20097506
1465,0.36194372
1466,0.5301314
1467,0.5121726
1468,0.6123425
1469,0.62537324
1470,0.47067833
1471,0.5122014
1472,0.43032634
1473,0.37303483
1474,0.44769746
1475,0.6944962
1476,0.5812084
1477,0.8467758
1478,1.0509465
1479,0.8777599
1480,0.6221648
1481,0.384768
1482,0.3480177
1483,0.41911745
1484,0.45473486
1485,0.54309607
1486,0.7898645
1487,0.6635536
1488,0.44814497
1489,0.36447775
1490,0.47206217
1491,0.44149423
1492,0.45621526
1493,0.41978395
1494,0.6816945
1495,0.8361921
1496,0.9452284
1497,0.6406143
1498,0.57599866
1499,0.61960286
1500,0.62913376
1501,0.6468853
1502,0.38336205
1503,0.15858126
1504,0.16744804
1505,0.26702654
1506,0.11560714
1507,0.37180722
1508,0.64643633
1509,0.8085869
1510,0.87680393
1511,1.2310095
1512,1.2985269
1513,1.757014
1514,1.3681338
1515,1.6740779
1516,1.1580409
1517,1.23389
1518,0.87347686
1519,0.98180306
1520,1.1942211
1521,1.2221819
1522,1.0112598
1523,0.76829904
1524,0.6569076
1525,0.5556642
1526,0.6195008
1527,1.1865234
1528,1.5649141
1529,1.3561027
1530,1.2873149
1531,1.2482857
1532,0.94610953
1533,1.9168966
1534,1.9202971
1535,1.5055735
1536,1.3415507
1537,0.8486236
1538,0.77117187
1539,0.69630885
1540,1.0763865
1541,0.997668
1542,1.0370742
1543,0.719047
1544,0.83622843
1545,1.2201738
1546,2.284171
1547,2.5056083
1548,3.1921875
1549,3.1861753
1550,2.9721448
1551,2.6866703
1552,1.4135692
1553,1.2640611
1554,2.3871021
1555,1.7796671
1556,1.4641249
1557,2.1100364
1558,2.8407836
1559,4.6913176
1560,4.8749747
1561,3.5103335
1562,3.7265759
1563,3.6665702
1564,2.3018632
1565,2.6612864
1566,2.433497
1567,3.6164694
1568,2.9265938
1569,5.77409
1570,3.8550758
1571,3.2481623
1572,4.9525466
1573,4.494719
1574,4.637315
1575,5.7237916
1576,6.5046253
1577,6.0587735
1578,3.3949275
1579,5.0802717
1580,5.013287
1581,6.1848974
1582,6.8380647
1583,6.643889
1584,6.660006
1585,6.707692
1586,7.3495536
1587,7.074812
1588,8.047942
1589,8.113984
1590,8.21755
1591,8.6768265
1592,8.540918
1593,8.137306
1594,8.33103
1595,7.8556943
1596,7.074812
1597,6.1182427
1598,6.668548
1599,6.330938
1600,5.284499
1601,6.277958
1602,7.074812
1603,8.425538
1604,7.074812
1605,7.074812
1606,7.074812
1607,7.074812
1608,6.986387
1609,7.074812
1610,7.074812
1611,7.074812
1612,7.074812
1613,7.074812
1614,7.074812
1615,7.074812
1616,7.9897285
1617,7.074812
1618,9.096262
1619,9.9706745
1620,9.14677
1621,7.074812
1622,11.97258
1623,7.3556705
1624,6.2431817
1625,9.274037
1626,6.553698
1627,7.5337048
1628,9.535439
1629,11.12852
1630,9.62046
1631,9.468533
1632,8.474704
1633,8.636006
1634,8.339427
1635,7.074812
1636,7.074812
1637,7.074812
1638,7.074812
1639,7.074812
1640,7.656335
1641,8.052432
1642,7.074812
1643,7.074812
1644,7.610104
1645,7.8177466
1646,7.074812
1647,7.287906
1648,7.6023345
1649,7.2835546
1650,7.074812
1651,7.074812
1652,7.4861536
1653,6.817933
1654,6.5493917
1655,8.510916
1656,7.074812
1657,7.074812
1658,7.074812
1659,7.074812
1660,7.074812
1661,9.284301
1662,7.074812
1663,7.074812
1664,7.074812
1665,7.074812
1666,7.074812
1667,6.834678
1668,6.915623
1669,6.922229
1670,6.855722
1671,6.7414885
1672,6.7554207
1673,6.706485
1674,6.5212865
1675,6.6947107
1676,6.8969088
1677,6.8205867
1678,6.694339
1679,6.8800063
1680,6.947171
1681,6.953728
1682,6.740111
1683,6.7326856
1684,6.857161
1685,6.8690786
1686,5.650396
1687,7.074812
1688,7.074812
1689,6.982025
1690,6.909692
1691,6.9131713
1692,6.6497903
1693,6.5890408
1694,6.919093
1695,6.974314
1696,6.3356175
1697,6.4031777
1698,6.314317
1699,6.0080905
1700,5.923559
1701,6.0558677
1702,6.0149097
1703,5.573045
1704,5.510555
1705,5.5299106
1706,5.708065
1707,5.4081445
1708,5.334103
1709,5.724576
1710,5.915376
1711,5.823799
1712,5.3209014
1713,5.129856
1714,5.1667585
1715,5.542792
1716,4.4170837
1717,3.07657
1718,3.2097087
1719,3.5185347
1720,4.076884
1721,4.076038
1722,3.6591315
1723,3.3563793
1724,3.2000937
1725,3.2416096
1726,3.304038
1727,3.0329185
1728,3.7969437
1729,3.9508772
1730,3.3536463
1731,3.4338522
1732,3.093778
1733,3.3771677
1734,3.4132018
1735,2.7433138
1736,2.4961078
1737,2.8154979
1738,2.9019835
1739,3.6577263
1740,4.0803347
1741,3.0311286
1742,2.8501916
1743,2.7588031
1744,3.2621562
1745,3.3663964
1746,3.2656517
1747,3.8931522
1748,2.601266
1749,2.557994
1750,2.0954115
1751,2.0304542
1752,2.3210018
1753,2.6737692
1754,2.2480109
1755,2.0097861
1756,1.4057896
1757,1.8327602
1758,1.2812982
1759,1.3163124
1760,1.3059461
1761,1.2848752
1762,0.9846406
1763,0.96859026
1764,1.2254304
1765,1.2957532
1766,1.5450002
1767,1.6451577
1768,1.8167809
1769,1.5241349
1770,1.2575012
1771,1.2492242
1772,1.2485402
1773,1.2786051
1774,1.2987674
1775,1.0935663
1776,1.0044179
1777,1.0383339
1778,0.9943005
1779,0.814133
1780,0.8791118
1781,0.70802414
1782,0.7486549
1783,1.0256331
1784,0.5702379
1785,0.51862633
1786,0.33665848
1787,0.30746222
1788,0.40936005
1789,0.36331868
1790,0.30610275
1791,0.23634279
1792,0.2818594
1793,0.43236113
1794,0.5325095
1795,0.5149958
1796,0.51730037
1797,0.56352174
1798,0.6292918
1799,0.69767934
1800,0.643426
1801,0.55767834
1802,0.3590876
1803,0.30732262
1804,0.34621692
1805,0.30050492
1806,0.30215466
1807,0.3882029
1808,0.621423
1809,0.6282966
1810,0.43171644
1811,0.46432698
1812,0.16662037
1813,0.22067583
1814,0.27052784
1815,0.5817715
1816,0.6086354
1817,0.5339342
1818,0.35320795
1819,0.10331631
1820,-0.11927271
1821,-0.14594173
1822,-0.28412426
1823,-0.39454806
1824,-0.42688859
1825,-0.0049186945
1826,-0.14406407
1827,-0.13832021
1828,-0.043207884
1829,0.3247106
1830,0.22188377
1831,0.3495332
1832,0.39026737
1833,0.4329995
1834,0.6145943
1835,0.6998251
1836,0.5148904
1837,0.30395865
1838,0.5297981
1839,0.6434125
1840,0.48873192
1841,0.46464872
1842,0.47125375
1843,0.80505955
1844,0.6966851
1845,0.7006214
1846,0.5344016
1847,0.5438113
1848,0.6978516
1849,0.48680347
1850,0.5807534
1851,0.8072351
1852,0.8244082
1853,0.53737646
1854,0.37837374
1855,0.2988857
1856,0.3299036
1857,0.5531983
1858,0.45582902
1859,0.5650627
1860,0.58664507
1861,0.87255156
1862,0.98402
1863,1.0897335
1864,1.1609906
1865,1.2500769
1866,1.0109448
1867,0.83416563
1868,0.7003939
1869,0.66036725
1870,0.395656
1871,0.4009167
1872,0.50097424
1873,0.6037994
1874,0.72917134
1875,0.8015748
1876,1.0040171
1877,1.2502141
1878,1.1736283
1879,1.2558405
1880,1.0636785
1881,1.197475
1882,1.1229934
1883,0.78636354
1884,0.83423746
1885,1.0602787
1886,1.0466806
1887,0.910725
1888,0.6958873
1889,0.64234555
1890,1.0171223
1891,1.2964557
1892,1.2335215
1893,1.4067442
1894,1.1025434
1895,0.9633876
1896,1.1480908
1897,1.136946
1898,1.4501573
1899,1.1092126
1900,1.1672113
1901,0.7206778
1902,0.7344489
1903,0.5912101
1904,0.7571759
1905,0.4578396
1906,0.28794158
1907,0.06352651
1908,0.15374768
1909,0.34274447
1910,0.62575823
1911,0.79639447
1912,1.081502
1913,2.0083694
1914,1.8873839
1915,2.2638102
1916,1.1447917
1917,1.0764132
1918,1.1349243
1919,0.97023314
1920,1.0851747
1921,0.7621955
1922,1.027782
1923,1.0644708
1924,1.0208167
1925,1.0807812
1926,2.295027
1927,1.6961868
1928,1.1658216
1929,1.4433546
1930,1.4334865
1931,1.3667918
1932,1.2724836
1933,1.7008418
1934,2.0779417
1935,3.4843173
1936,3.4411664
1937,4.7848024
1938,4.08866
1939,4.0631657
1940,4.9751763
1941,6.2139044
1942,5.416271
1943,4.9966173
1944,5.7102885
1945,4.9509187
1946,3.9280386
1947,5.2275567
1948,6.472217
1949,6.7993503
1950,7.074812
1951,7.074812
1952,7.074812
1953,7.074812
1954,7.074812
1955,7.1074476
1956,7.074812
1957,7.074812
1958,7.548367
1959,7.074812
1960,7.074812
1961,6.909145
1962,6.703695
1963,6.7170234
1964,6.7213874
1965,9.965798
1966,8.665469
1967,7.074812
1968,8.118095
1969,7.074812
1970,7.074812
1971,7.074812
1972,7.074812
1973,7.074812
1974,7.0398364
1975,7.0183845
1976,7.0652833
1977,7.074812
1978,7.074812
1979,7.074812
1980,7.074812
1981,7.476097
1982,7.074812
1983,7.074812
1984,7.074812
1985,7.074812
1986,7.2547765
1987,7.074812
1988,6.670095
1989,10.112337
1990,9.223419
1991,9.219099
1992,9.091434
1993,7.5234895
1994,7.3409977
1995,7.458372
1996,7.285148
1997,7.074812
1998,7.5146666
1999,8.008873
2000,7.074812
2001,7.851256
2002,8.817899
2003,7.074812
2004,7.7221985
2005,7.5983458
2006,7.6254506
2007,7.074812
2008,7.074812
2009,8.1921625
2010,8.187617
2011,7.074812
2012,7.9681664
2013,7.074812
2014,7.074812
2015,7.074812
2016,7.074812
2017,7.074812
2018,7.074812
2019,7.074812
2020,7.074812
2021,7.074812
2022,7.846788
2023,6.9995966
2024,7.074812
2025,7.074812
2026,6.0253096
2027,7.074812
2028,7.074812
2029,7.074812
2030,6.7977867
2031,6.43478
2032,6.522983
2033,6.7965117
2034,6.853989
2035,6.772685
2036,6.505146
2037,6.668427
2038,6.8107414
2039,6.8767705
2040,7.00079
2041,6.992185
2042,6.726563
2043,6.518292
2044,7.036966
2045,7.074812
2046,6.6319833
2047,6.9802194
2048,6.261664
2049,6.507994
2050,6.642424
2051,6.5650525
2052,6.712752
2053,6.478871
2054,6.118243
2055,5.900459
2056,6.018776
2057,6.097243
2058,5.4753194
2059,4.936759
2060,6.293589
2061,6.191958
2062,6.007004
2063,5.760189
2064,5.6330543
2065,5.5962276
2066,5.920429
2067,5.7553687
2068,5.563189
2069,5.7063293
2070,6.05167
2071,6.0739493
2072,5.1150727
2073,5.6164246
2074,5.4013834
2075,5.591519
2076,5.6748276
2077,5.073057
2078,4.8700986
2079,5.0873675
2080,5.923553
2081,4.8976126
2082,3.869873
2083,4.1724296
2084,4.2696877
2085,4.4191675
2086,4.0466213
2087,4.2068367
2088,3.955256
2089,3.7731147
2090,2.9053996
2091,3.5149436
2092,3.8316135
2093,3.8859677
2094,3.9118214
2095,3.9105172
2096,3.494648
2097,2.373582
2098,2.363398
2099,2.889626
2100,2.5963693
2101,2.376058
2102,1.9422816
2103,2.5734496
2104,3.1022663
2105,3.3060548
2106,3.1455412
2107,2.795445
2108,2.7862334
2109,2.988102
2110,2.902724
2111,3.036953
2112,2.680312
2113,2.4633148
2114,2.341708
2115,2.148239
2116,2.1707847
2117,2.1879086
2118,2.149314
2119,2.4193811
2120,1.8645182
2121,1.5950928
2122,1.9624666
2123,1.9003556
2124,1.8196595
2125,1.7806022
2126,1.2337469
2127,0.9226637
2128,1.0645356
2129,0.8288276
2130,1.0996832
2131,1.1692553
2132,1.1815634
2133,1.1503377
2134,1.2078843
2135,1.219094
2136,1.1348938
2137,0.9365797
2138,1.0743551
2139,1.2083923
2140,1.1167244
2141,0.9450814
2142,0.89727575
2143,0.95344526
2144,0.9213636
2145,1.2012634
2146,0.96246326
2147,1.0389869
2148,0.8748135
2149,0.7506422
2150,0.5974216
2151,0.532287
2152,0.5310163
2153,0.53151083
2154,0.691297
2155,0.84546465
2156,0.7997059
2157,0.63245285
2158,0.702438
2159,0.6913106
2160,0.754413
2161,0.11574364
2162,0.0940243
2163,0.20492613
2164,0.33037627
2165,0.4337077
2166,0.44235802
2167,0.23238206
2168,0.15252805
2169,0.21644771
2170,0.15247548
2171,0.066913486
2172,0.12651801
2173,0.30057275
2174,0.30892766
2175,0.21622074
2176,0.15414417
2177,0.22908199
2178,0.42126346
2179,0.5306149
2180,0.6843553
2181,0.6381938
2182,0.5233023
2183,0.4795782
2184,0.15274572
2185,-0.20187998
2186,-0.22418082
2187,-0.32375813
2188,-0.30832374
2189,-0.2137891
2190,-0.11645448
2191,-0.048764586
2192,0.36049318
2193,0.208143
2194,0.4169464
2195,0.71053624
2196,0.8873009
2197,0.75067085
2198,0.67396736
2199,0.5329294
2200,0.07396352
2201,0.26170993
2202,0.34341073
2203,0.25577533
2204,0.26756537
2205,-0.031014442
2206,0.32300913
2207,0.7638512
2208,0.85189146
2209,0.9619063
2210,0.40518188
2211,0.53133196
2212,0.31608474
2213,0.51385945
2214,0.6936678
2215,0.6937506
2216,0.7684457
2217,0.95249534
2218,0.87211317
2219,0.53761464
2220,0.47817492
2221,0.42295158
2222,0.30743253
2223,0.07705855
2224,0.4835065
2225,0.5826797
2226,0.6459537
2227,0.23703182
2228,0.14852774
2229,0.23315823
2230,0.1266383
2231,0.050121427
2232,0.3174317
2233,0.517171
2234,0.4631703
2235,0.14025283
2236,-0.17298841
2237,0.09070802
2238,0.5384603
2239,0.5824786
2240,0.33236325
2241,1.0094377
2242,1.2128165
2243,1.3560742
2244,1.6365619
2245,1.2970524
2246,0.952242
2247,1.0046108
2248,1.0735471
2249,1.040684
2250,2.2701232
2251,2.0337017
2252,1.2531211
2253,0.74685454
2254,0.33542848
2255,0.2583257
2256,0.42777455
2257,0.42169654
2258,0.33932507
2259,0.5298501
2260,0.74112004
2261,1.1752198
2262,1.3485595
2263,1.5281492
2264,1.2214538
2265,1.194874
2266,0.90483224
2267,0.83985317
2268,0.63420045
2269,0.6229435
2270,0.3643099
2271,0.42862463
2272,0.50340325
2273,0.3455963
2274,0.49470896
2275,0.65865135
2276,0.47131306
2277,0.8615271
2278,1.8768226
2279,1.7013252
2280,1.8224753
2281,1.3402174
2282,1.0469803
2283,0.53313035
2284,0.8940707
2285,0.9623419
2286,1.2160269
2287,0.8886787
2288,2.1282165
2289,2.7942724
2290,2.3468232
2291,1.2716256
2292,1.6391983
2293,1.3632176
2294,0.98874265
2295,1.3707252
2296,0.5360553
2297,0.9848202
2298,1.9558266
2299,3.033962
2300,1.3017101
2301,0.9631696
2302,2.8759918
2303,2.22712
2304,3.2729664
2305,2.3607569
2306,2.6573005
2307,2.991656
2308,1.6001941
2309,3.4444275
2310,4.7177744
2311,4.967586
2312,5.293077
2313,3.9157205
2314,2.9380345
2315,5.070828
2316,3.8611565
2317,3.1084714
2318,5.3318734
2319,4.778823
2320,3.4749775
2321,3.3678956
2322,2.7320004
2323,4.183956
2324,6.296416
2325,6.558025
2326,8.454948
2327,4.3201175
2328,5.463635
2329,1.151665
2330,1.1810515
2331,4.1754684
2332,6.0390196
2333,9.341413
2334,13.032456
2335,15.45828
2336,15.45828
2337,12.880528
2338,10.593215
2339,6.510734
2340,12.166301
2341,11.561896
2342,7.0340104
2343,10.165652
2344,7.7509
2345,6.037217
2346,9.596247
2347,9.313628
2348,7.307063
2349,8.630155
2350,10.242276
2351,10.609629
2352,6.5260177
2353,12.906018
2354,10.48183
2355,12.311209
2356,12.880503
2357,8.078428
2358,11.925641
2359,9.298964
2360,9.653975
2361,11.639074
2362,15.45828
2363,11.372252
2364,9.121397
2365,8.778047
2366,7.225267
2367,8.049506
2368,8.980856
2369,8.416508
2370,7.278458
2371,7.3043118
2372,8.471961
2373,9.897188
2374,11.140061
2375,11.465434
2376,8.845179
2377,9.805995
2378,12.334346
2379,15.45828
2380,15.45828
2381,10.652014
2382,10.32558
2383,13.890252
2384,15.45828
2385,12.328182
2386,12.288184
2387,10.760157
2388,9.788598
2389,8.267131
2390,7.074812
2391,7.5030174
2392,7.957558
2393,11.833032
2394,7.074812
2395,9.53783
2396,8.191285
2397,7.074812
2398,7.074812
2399,7.074812
2400,7.074812
2401,7.074812
2402,7.074812
2403,7.074812
2404,8.789065
2405,8.241118
2406,7.5219893
2407,7.959142
2408,7.074812
2409,7.074812
2410,7.619769
2411,7.074812
2412,7.074812
2413,7.074812
2414,7.798633
2415,8.743497
2416,7.401439
2417,7.4763837
2418,7.074812
2419,7.074812
2420,7.074812
2421,7.074812
2422,7.074812
2423,7.074812
2424,7.074812
2425,7.074812
2426,7.074812
2427,6.9760027
2428,6.7831874
2429,7.069466
2430,6.992571
2431,6.7857175
2432,6.6476083
2433,6.931641
2434,6.950469
2435,6.6873574
2436,6.6687427
2437,6.5958786
2438,6.8775573
2439,6.839807
2440,6.8296623
2441,6.763002
2442,6.7006783
2443,6.5174255
2444,4.8567734
2445,4.621886
2446,5.230708
2447,4.9289465
2448,3.8057766
2449,5.09052
2450,4.7783647
2451,2.6093454
2452,4.348013
2453,3.0207214
2454,3.4587483
2455,3.5064654
2456,3.4488325
2457,4.184998
2458,3.6970735
2459,3.0464945
2460,2.9146242
2461,3.5162172
2462,3.6466718
2463,3.4034328
2464,4.2356887
2465,2.9185877
2466,2.49231
2467,2.9755774
2468,2.5286822
2469,3.0609698
2470,3.6436515
2471,3.5724344
2472,3.5686293
2473,3.3832932
2474,3.41608
2475,3.173652
2476,3.03375
2477,3.4447265
2478,2.9526303
2479,2.440333
2480,3.1370518
2481,2.9474301
2482,2.8862033
2483,2.7431257
2484,2.7451618
2485,2.1485932
2486,2.6455681
2487,2.2368085
2488,2.3114123
2489,2.247835
2490,0.97139394
2491,1.2275279
2492,1.6362193
2493,1.61501
2494,1.4613423
2495,2.1862717
2496,2.0661464
2497,1.1685706
2498,2.1404698
2499,1.5887467
2500,1.3095634
2501,1.4385835
2502,1.3699477
2503,1.3165245
2504,1.2811652
2505,1.2105316
2506,0.82490605
2507,1.0626973
2508,0.8608728
2509,0.6819443
2510,0.9341303
2511,0.92801505
2512,0.87559026
2513,0.94862884
2514,0.7316185
2515,0.7725764
2516,0.37927568
2517,-0.10177088
2518,0.23119879
2519,0.6232526
2520,0.72397727
2521,-0.0141198635
2522,0.47729307
2523,0.5301307
2524,0.3669771
2525,0.5941588
2526,0.69935304
2527,0.62161916
2528,0.17000568
2529,0.5080618
2530,0.6845064
2531,0.49919397
2532,0.45307916
2533,-0.047855496
2534,0.006897092
2535,0.27020383
2536,0.5377857
2537,0.501741
2538,0.06371677
2539,0.313035
2540,0.6445097
2541,0.5494089
2542,0.40249634
2543,0.32199383
2544,0.29860103
2545,0.370574
2546,0.48554647
2547,0.4204892
2548,0.26938856
2549,0.06829429
2550,0.16289794
2551,0.025227547
2552,0.24792433
2553,0.3691709
2554,0.36207795
