,site0
0,0.085678935
1,0.085678935
2,0.085678935
3,0.085678935
4,0.08587248
5,0.08747118
6,0.09643265
7,0.09165349
8,0.09156516
9,0.089949526
10,0.11184298
11,0.11407864
12,0.10479137
13,0.10033185
14,0.11582567
15,0.32219392
16,0.26465935
17,0.8000215
18,0.36332747
19,0.52110934
20,0.5450531
21,0.23548602
22,0.2914316
23,0.24408096
24,0.19900908
25,0.8651735
26,0.38929144
27,0.31965694
28,0.39108756
29,0.2922351
30,0.31093132
31,0.6377092
32,0.7120282
33,0.6265196
34,0.47912553
35,0.74376905
36,1.3468317
37,0.48719308
38,1.3777652
39,1.5395013
40,0.41974288
41,0.4236525
42,0.27862993
43,1.1701487
44,0.7121782
45,0.21597187
46,0.30310678
47,0.61635864
48,0.29556024
49,0.6163132
50,0.2144593
51,0.32531452
52,0.5198092
53,0.6559037
54,1.3474793
55,0.29796374
56,1.1317614
57,1.2838233
58,0.5323719
59,0.6689641
60,1.1032223
61,0.62207466
62,0.757608
63,1.1795013
64,1.370441
65,0.629639
66,2.2662826
67,0.9868287
68,2.2486477
69,1.9330231
70,1.9944216
71,0.8935314
72,1.1139393
73,1.6125786
74,2.2226696
75,1.4142984
76,1.8220968
77,1.2396432
78,1.1391459
79,0.42246863
80,0.30747247
81,0.085678935
82,0.085678935
83,0.085678935
84,0.118152395
85,0.36901748
86,0.78646135
87,0.6913107
88,1.7228625
89,1.5625826
90,2.8798122
91,1.4040308
92,1.7400162
93,2.2011812
94,2.060889
95,2.1012173
96,2.0773206
97,0.7963756
98,2.2911887
99,2.2663436
100,1.9554162
101,2.5737762
102,3.1765218
103,3.0047858
104,3.6292834
105,3.093063
106,2.3347006
107,3.9577463
108,4.100695
109,4.011562
110,4.358792
111,6.5066185
112,6.754519
113,7.024154
114,4.91788
115,7.1516495
116,7.5132923
117,9.007188
118,5.8416457
119,9.494437
120,5.530323
121,10.914845
122,10.524586
123,10.594936
124,10.369981
125,10.264179
126,11.265498
127,14.741338
128,13.650544
129,12.105463
130,12.122226
131,18.070541
132,17.416985
133,14.159394
134,16.301033
135,18.943968
136,13.863834
137,15.451908
138,10.736735
139,14.989902
140,13.050209
141,15.919519
142,13.06479
143,16.378933
144,17.6129
145,4.331745
146,15.186251
147,16.518063
148,17.008234
149,17.529165
150,16.97338
151,17.03109
152,16.722294
153,17.770096
154,18.902458
155,18.261396
156,18.109365
157,14.596068
158,15.173437
159,17.908773
160,15.88434
161,17.222164
162,19.634548
163,17.098883
164,19.288437
165,17.660305
166,16.99092
167,17.64719
168,16.018324
169,13.395444
170,18.735758
171,17.56004
172,12.068292
173,13.988297
174,19.064693
175,13.039348
176,12.241869
177,11.951758
178,10.524384
179,13.944532
180,13.463716
181,13.487143
182,12.824239
183,12.596403
184,12.312349
185,12.84684
186,12.198105
187,13.602456
188,11.59979
189,14.191293
190,12.391026
191,13.648006
192,13.821707
193,14.45092
194,13.09108
195,13.390131
196,13.894196
197,13.593222
198,12.769518
199,10.027395
200,12.338105
201,12.437387
202,12.098682
203,11.663919
204,12.875412
205,13.376045
206,13.245726
207,12.076705
208,10.335699
209,11.660437
210,11.947957
211,11.650686
212,10.476395
213,11.474255
214,11.33717
215,6.5265727
216,8.269994
217,7.505466
218,11.607033
219,9.797118
220,13.021043
221,3.83358
222,13.64267
223,6.093851
224,12.146595
225,10.8543215
226,11.579892
227,12.63453
228,14.170995
229,8.928795
230,10.674367
231,8.679314
232,11.553544
233,10.699128
234,2.0000093
235,8.491884
236,6.502058
237,5.7506566
238,2.546177
239,9.354571
240,14.017305
241,12.905411
242,13.52543
243,9.567599
244,9.241919
245,7.814275
246,11.095618
247,11.511217
248,9.66031
249,10.05179
250,8.681141
251,9.20093
252,4.767576
253,8.928154
254,8.240337
255,12.142664
256,9.82924
257,10.147061
258,6.0809083
259,8.628335
260,7.6166387
261,6.7005715
262,8.335868
263,9.30573
264,2.7137258
265,6.95562
266,10.820091
267,10.667158
268,9.566554
269,10.55887
270,8.296691
271,6.0145273
272,4.90405
273,4.085561
274,3.6002324
275,4.233269
276,5.91856
277,2.7446396
278,4.24339
279,4.447142
280,3.8609393
281,4.3834615
282,3.3150623
283,2.33182
284,4.0301704
285,3.3693874
286,4.1133003
287,0.6830893
288,2.3858836
289,4.2659597
290,1.1464853
291,4.0978475
292,3.7712142
293,0.8649204
294,2.174474
295,3.6428325
296,0.25957084
297,3.587104
298,-0.07358956
299,1.4931941
300,2.2374086
301,2.3235302
302,0.45791528
303,1.7542558
304,0.55274034
305,1.0000818
306,0.7836734
307,0.5073736
308,0.5313771
309,0.5696326
310,0.2962007
311,1.4816438
312,0.69924194
313,0.9414968
314,0.5778562
315,0.4468743
316,1.203081
317,0.24433732
318,0.4287618
319,1.2172015
320,1.5352178
321,0.26823384
322,0.40042415
323,1.1331217
324,1.0789851
325,0.76292104
326,0.41828877
327,0.3729887
328,0.27774543
329,0.18871161
330,0.25588372
331,0.3337357
332,0.15573007
333,0.1863061
334,0.2755431
335,0.09539065
336,0.09976146
337,0.0994294
338,0.105524376
339,0.10935936
340,0.13187496
341,0.10398021
342,0.097597785
343,0.1489045
344,0.09606769
345,0.09495381
346,0.091337405
347,0.09649743
348,0.088613905
349,0.09159679
350,0.10257241
351,0.29332045
352,0.4304947
353,0.44539088
354,0.32863754
355,0.64983124
356,0.56469977
357,0.21717006
358,0.48661882
359,0.42575854
360,0.13640696
361,0.24815205
362,0.11826648
363,0.085678935
364,0.085678935
365,0.8952124
366,1.3906758
367,0.93642586
368,1.3776435
369,0.2054047
370,1.4554307
371,0.76617396
372,1.3095094
373,1.0358294
374,1.0579952
375,0.8967473
376,1.3383167
377,1.724031
378,0.9750221
379,1.1497717
380,0.104329646
381,0.09793935
382,0.0870742
383,0.09434588
384,0.10066897
385,0.10874191
386,0.1380437
387,0.123015136
388,0.14559048
389,0.14257091
390,0.097118035
391,0.15069234
392,0.10852456
393,0.14370462
394,0.1265387
395,0.12782726
396,0.6759081
397,2.1331053
398,1.710185
399,1.5183194
400,0.4162335
401,1.3152378
402,1.2809622
403,2.0180764
404,2.2489457
405,2.3620896
406,2.467576
407,2.2320418
408,1.6763979
409,2.2331562
410,2.494471
411,2.4132915
412,1.67785
413,1.7274375
414,4.5102296
415,2.488977
416,1.6291788
417,4.073819
418,5.131604
419,4.8106523
420,5.1475315
421,3.1204987
422,4.810887
423,4.774739
424,1.5640469
425,1.3937589
426,3.1922975
427,5.2755165
428,4.538993
429,6.0998573
430,5.760633
431,5.951877
432,5.2730103
433,5.1965995
434,4.462088
435,3.0961747
436,5.0206337
437,4.7060633
438,5.436737
439,4.229567
440,2.6729732
441,6.0512357
442,6.2435913
443,5.9227757
444,1.1347008
445,1.7026398
446,1.8204383
447,0.8511794
448,1.8475201
449,1.9750718
450,1.743581
451,2.1275048
452,1.4964099
453,2.1860309
454,2.1969504
455,2.1800475
456,1.4381824
457,1.8737271
458,1.904489
459,1.9955773
460,7.0666
461,4.624936
462,9.259464
463,8.942409
464,8.52811
465,7.9257827
466,6.068365
467,8.629156
468,8.258372
469,8.239184
470,4.7384334
471,8.022146
472,8.368622
473,3.340488
474,5.9301043
475,7.6614017
476,6.6253653
477,4.0932865
478,9.33806
479,7.4196663
480,8.633407
481,8.15091
482,8.185943
483,7.7863283
484,6.4095836
485,5.904908
486,8.268596
487,7.056258
488,5.5950093
489,7.41537
490,8.025516
491,8.984246
492,7.6823473
493,8.721562
494,8.537578
495,7.100311
496,8.366042
497,7.2782917
498,6.467552
499,4.6896524
500,4.5951533
501,6.818297
502,5.1227174
503,3.6508732
504,6.716215
505,4.3458548
506,6.079668
507,8.248804
508,9.743382
509,9.076192
510,8.380865
511,8.741254
512,7.823307
513,7.935851
514,8.405178
515,6.7844677
516,7.893153
517,7.256556
518,6.44098
519,3.39156
520,10.600081
521,11.1316805
522,6.9060335
523,7.4430046
524,11.833564
525,10.801531
526,9.004596
527,10.26829
528,9.719346
529,10.137556
530,10.0636425
531,10.275583
532,9.25881
533,11.40522
534,11.100726
535,11.034527
536,10.558608
537,11.230825
538,11.349409
539,10.724409
540,12.175324
541,10.501392
542,9.895803
543,9.897235
544,8.730621
545,5.867501
546,9.71375
547,9.820717
548,7.763069
549,1.5753441
550,4.7448015
551,13.367356
552,4.5076756
553,12.886268
554,12.39634
555,12.22123
556,11.946147
557,10.902777
558,11.181461
559,3.8873723
560,6.8101115
561,8.670816
562,8.027162
563,10.320202
564,11.262404
565,11.670676
566,8.1642065
567,9.388323
568,2.9032764
569,2.7199936
570,5.463923
571,8.262691
572,11.613039
573,11.102145
574,10.77131
575,10.127622
576,9.455043
577,10.518951
578,10.078792
579,10.171479
580,10.25918
581,11.180243
582,11.265322
583,11.407109
584,7.872376
585,3.8972893
586,11.409916
587,11.850701
588,9.06525
589,6.959474
590,7.6390433
591,7.035417
592,5.666827
593,6.7493196
594,8.64398
595,9.066551
596,7.50818
597,8.1379595
598,8.390817
599,5.9868574
600,6.9668655
601,8.839743
602,7.8375263
603,8.154939
604,9.777659
605,7.8323183
606,9.692848
607,11.456292
608,10.566537
609,10.25542
610,9.619086
611,9.035976
612,8.150959
613,9.773027
614,8.237488
615,5.3296824
616,8.372071
617,8.8423195
618,5.5962934
619,6.2656355
620,7.3997345
621,4.9880795
622,0.6298129
623,1.8138688
624,2.900473
625,3.9027278
626,2.811568
627,1.5665758
628,3.1109788
629,4.7033567
630,4.014581
631,3.1959941
632,2.611572
633,8.445387
634,9.467111
635,11.250054
636,6.8352437
637,4.459743
638,2.3105457
639,3.6168396
640,2.483155
641,1.5644863
642,6.512642
643,4.924423
644,2.070009
645,5.910715
646,3.32923
647,3.2055185
648,5.8983984
649,5.931934
650,5.754378
651,4.79704
652,3.4140108
653,1.4641242
654,2.9324338
655,5.003024
656,4.720167
657,5.4406967
658,4.3589735
659,3.0595582
660,0.92242503
661,4.5083685
662,2.3274484
663,4.905223
664,3.3822408
665,0.65963143
666,1.0189238
667,2.8207774
668,2.361189
669,1.0229316
670,3.0461679
671,2.3480234
672,1.7070253
673,2.6771238
674,1.378167
675,2.1473134
676,2.21248
677,0.646813
678,1.4154968
679,2.656548
680,1.3322717
681,0.43925083
682,0.5754007
683,1.1943613
684,0.59610206
685,0.2837717
686,0.2828338
687,0.1106312
688,0.098963216
689,0.15028319
690,0.18692583
691,0.13936697
692,0.13546136
693,0.19743595
694,0.236667
695,0.15269943
696,0.2878958
697,0.14137281
698,0.19449301
699,0.30261743
700,1.2526767
701,0.34396654
702,1.4705266
703,0.8653941
704,0.74295443
705,0.4133904
706,0.64230716
707,1.1952237
708,0.6364113
709,1.0030379
710,0.31223598
711,1.3050694
712,0.9192556
713,0.88499504
714,0.43755344
715,0.60861987
716,0.085678935
717,0.085678935
718,0.085678935
719,0.085678935
720,0.085678935
721,0.085678935
722,0.085678935
723,0.085678935
724,0.085678935
725,0.085678935
726,0.085678935
727,0.085678935
728,0.085678935
729,0.085678935
730,0.4267792
731,0.32228678
732,0.6194489
733,0.25197363
734,0.35398477
735,0.81062853
736,0.5115334
737,0.6879023
738,1.0252953
739,0.33156595
740,1.0587167
741,0.91871583
742,0.7651439
743,0.48942763
744,0.5957657
745,0.2557655
746,0.3146683
747,0.5226149
748,0.8674702
749,0.8516523
750,0.65396017
751,0.9538769
752,0.61791724
753,0.84855324
754,0.966757
755,0.931354
756,1.0245667
757,0.7827645
758,0.32751256
759,0.62821376
760,0.39259955
761,3.6238275
762,2.8611197
763,2.9747567
764,3.34942
765,2.6461506
766,4.4692645
767,4.2685256
768,4.509686
769,4.518357
770,4.582376
771,4.4881825
772,4.5634685
773,4.532339
774,4.735735
775,4.6480026
776,4.5682864
777,3.9833612
778,3.7871127
779,3.315393
780,3.6439762
781,4.6675696
782,4.84489
783,4.227885
784,4.642319
785,2.888245
786,2.440196
787,2.912384
788,4.6344366
789,2.476849
790,2.9987283
791,4.277095
792,3.9649053
793,5.2680135
794,4.00441
795,2.1382937
796,4.0354614
797,3.3453908
798,2.5809188
799,1.4550475
800,2.6733422
801,4.8893967
802,5.637937
803,3.4275656
804,4.7081122
805,3.3989515
806,5.9743595
807,5.375118
808,5.7329245
809,1.0868517
810,4.0003896
811,4.536828
812,2.440292
813,2.77779
814,2.6659002
815,2.3624978
816,2.6008472
817,4.7399416
818,1.5286195
819,4.0354123
820,2.6925254
821,5.2098527
822,3.054976
823,5.313262
824,5.259783
825,4.9758954
826,5.939082
827,5.299456
828,6.6263423
829,2.2748551
830,5.3025036
831,5.7905817
832,4.469711
833,5.8609734
834,5.6243024
835,5.671784
836,4.8432713
837,3.8606346
838,5.809684
839,4.6030717
840,4.703814
841,5.6091785
842,5.8611135
843,6.1519594
844,6.1259003
845,7.4413223
846,5.746323
847,4.444434
848,7.1682196
849,6.031085
850,7.0034084
851,7.1818514
852,7.6675396
853,7.164504
854,5.1298184
855,8.829106
856,8.338149
857,6.945635
858,6.2253337
859,10.211138
860,9.201165
861,9.175452
862,9.667122
863,8.137827
864,9.939356
865,8.318151
866,10.610153
867,9.44564
868,9.703163
869,10.913223
870,10.575021
871,9.0423565
872,8.984688
873,10.471333
874,9.009048
875,10.655016
876,7.5374427
877,11.033871
878,10.027374
879,10.478093
880,9.539096
881,11.290349
882,9.867779
883,11.473587
884,11.682598
885,8.586671
886,11.945364
887,11.227664
888,9.752634
889,9.831271
890,8.862938
891,9.962694
892,11.339637
893,9.448089
894,10.843411
895,8.568036
896,7.1671877
897,9.707954
898,11.156817
899,11.198747
900,10.005081
901,10.303284
902,9.461622
903,10.242599
904,5.639157
905,9.145778
906,9.955459
907,12.054103
908,11.820215
909,11.556753
910,11.201874
911,11.090741
912,6.1629305
913,10.356694
914,10.723869
915,8.00758
916,8.901028
917,10.370056
918,11.147376
919,11.033728
920,10.466876
921,5.825903
922,9.397541
923,9.474305
924,10.43564
925,10.539183
926,10.917366
927,9.195747
928,10.570801
929,10.663975
930,9.92601
931,10.692245
932,10.3940525
933,9.625776
934,8.777089
935,8.148317
936,8.754792
937,7.0275116
938,6.8811297
939,7.509994
940,7.3149414
941,8.062282
942,7.4714675
943,6.2571716
944,6.7761292
945,7.000889
946,7.590025
947,8.051136
948,6.563369
949,6.8484597
950,7.8189077
951,8.000621
952,5.2520676
953,5.4081078
954,7.442751
955,4.4562216
956,7.3840446
957,6.4000645
958,7.8168535
959,7.573633
960,5.3444834
961,7.0241055
962,7.949088
963,7.683098
964,7.1431985
965,7.55749
966,7.6195216
967,7.843174
968,7.8797665
969,8.464128
970,8.003135
971,7.5868826
972,7.933124
973,6.2852774
974,6.4662952
975,2.8155622
976,4.056637
977,3.7797391
978,6.6726894
979,7.6463327
980,7.728749
981,4.9017167
982,6.874488
983,3.6477807
984,7.139511
985,7.079227
986,8.009749
987,7.8239355
988,8.15719
989,7.202512
990,5.089839
991,6.4051504
992,7.519893
993,7.7131305
994,6.491439
995,7.6949835
996,7.255773
997,7.117164
998,6.9554653
999,7.1648517
1000,6.971298
1001,6.6116953
1002,5.2129073
1003,3.5808256
1004,5.89185
1005,5.2781577
1006,5.643757
1007,5.804607
1008,6.156988
1009,3.2293506
1010,6.161395
1011,6.6908746
1012,6.598043
1013,6.1215615
1014,4.3774476
1015,5.8228183
1016,2.7120697
1017,4.892661
1018,4.1199822
1019,5.856614
1020,5.5622363
1021,5.94035
1022,5.316947
1023,0.94764656
1024,5.000914
1025,5.9889493
1026,5.396413
1027,5.775615
1028,5.498111
1029,1.6589446
1030,3.2257893
1031,3.175159
1032,2.1991358
1033,3.1165757
1034,3.2555127
1035,0.1336745
1036,1.2792213
1037,4.4009027
1038,1.6785796
1039,3.2497194
1040,3.312584
1041,3.9470584
1042,3.535339
1043,2.8992264
1044,2.0136185
1045,2.3906767
1046,2.7506576
1047,1.162239
1048,0.90049106
1049,0.84962267
1050,0.76440084
1051,0.7633025
1052,1.6314702
1053,1.5610622
1054,0.9905815
1055,0.8709062
1056,1.0498574
1057,1.0759989
1058,2.0113049
1059,1.6237384
1060,1.7850449
1061,1.4746306
1062,0.62392884
1063,0.4397324
1064,1.0101584
1065,2.9528623
1066,1.3714017
1067,0.5312269
1068,2.581834
1069,1.7251574
1070,2.2486563
1071,2.878086
1072,2.557312
1073,1.5438914
1074,1.5413932
1075,1.9788169
1076,0.5993433
1077,2.404902
1078,1.424254
1079,0.5470115
1080,1.0825604
1081,1.8430188
1082,1.2180402
1083,1.1642468
1084,2.3922396
1085,2.4442987
1086,2.5307379
1087,1.4925694
1088,1.0414436
1089,0.8415461
1090,2.105608
1091,2.1474376
1092,1.4097121
1093,1.1614566
1094,2.1049438
1095,0.14465453
1096,0.1266441
1097,0.085678935
1098,0.09190613
1099,0.117227376
1100,0.17584985
1101,0.3061657
1102,0.32625198
1103,0.4435184
1104,0.40463284
1105,0.3776662
1106,0.6585068
1107,0.6169926
1108,0.6654945
1109,0.40669298
1110,0.2665708
1111,0.22365487
1112,0.20472527
1113,0.20893481
1114,0.2309188
1115,0.24952793
1116,0.35532555
1117,0.2366525
1118,0.4230625
1119,0.2975081
1120,0.22364718
1121,0.26537108
1122,0.22712901
1123,0.25637197
1124,0.32992303
1125,0.30438858
1126,1.5874337
1127,2.3513193
1128,2.264596
1129,2.3039079
1130,1.7561777
1131,1.8509736
1132,1.6060674
1133,1.7687992
1134,2.6855145
1135,1.814047
1136,1.3186474
1137,1.5376682
1138,1.2730337
1139,1.8830152
1140,1.5679154
1141,1.3003464
1142,0.63841176
1143,0.69816357
1144,1.4527944
1145,1.2987981
1146,1.0989087
1147,2.0656743
1148,2.3109941
1149,2.0393867
1150,1.7580703
1151,1.9022493
1152,2.2448492
1153,1.7430927
1154,1.7673461
1155,1.9441237
1156,2.0513835
1157,2.110186
1158,2.801465
1159,2.1868324
1160,2.0429592
1161,2.3795686
1162,3.0076652
1163,3.4978046
1164,3.3441992
1165,3.474986
1166,3.088562
1167,2.8962631
1168,3.6302104
1169,2.2385998
1170,3.1560044
1171,3.1531892
1172,2.4870963
1173,2.566486
1174,2.2403946
1175,1.990153
1176,1.8036069
1177,2.048297
1178,1.7989227
1179,1.6962341
1180,1.9261998
1181,2.2364702
1182,2.262024
1183,2.711639
1184,3.2703447
1185,3.569569
1186,3.325181
1187,3.446288
1188,3.4703226
1189,3.6295161
1190,3.0695744
1191,2.5252619
1192,3.3303409
1193,2.5007596
1194,2.2775893
1195,2.5352297
1196,3.3062072
1197,3.9436755
1198,3.887807
1199,2.7977571
1200,3.4154902
1201,3.0216951
1202,3.3531213
1203,3.7999167
1204,3.7491632
1205,4.544881
1206,4.37276
1207,4.33039
1208,4.6055064
1209,3.953289
1210,5.199715
1211,5.0791306
1212,5.190145
1213,5.338068
1214,5.7003083
1215,6.101111
1216,6.204736
1217,6.0547915
1218,6.0053363
1219,6.0512066
1220,6.4176416
1221,6.364643
1222,6.0348816
1223,5.894876
1224,6.197112
1225,6.6140404
1226,6.6794987
1227,6.8420916
1228,6.973754
1229,7.237384
1230,8.048622
1231,7.3982964
1232,8.36333
1233,8.476606
1234,7.4350615
1235,7.653204
1236,8.2389555
1237,7.6358776
1238,7.194803
1239,7.3616834
1240,6.781325
1241,7.768367
1242,7.343597
1243,7.408359
1244,7.1039863
1245,7.032007
1246,6.9926786
1247,6.8759556
1248,7.110026
1249,7.4133315
1250,6.993353
1251,6.7084937
1252,6.6191463
1253,6.559664
1254,6.4491043
1255,6.1141396
1256,5.4140325
1257,5.269175
1258,5.3726926
1259,6.222925
1260,5.8406777
1261,6.5040717
1262,7.844651
1263,7.4900455
1264,7.253244
1265,7.007579
1266,6.603021
1267,6.81235
1268,7.384944
1269,7.477696
1270,6.765861
1271,6.767374
1272,6.2947626
1273,5.7516603
1274,6.266006
1275,6.4723225
1276,6.544324
1277,6.531534
1278,6.43853
1279,4.3915415
1280,6.7654157
1281,6.8821673
1282,6.724232
1283,6.845654
1284,7.158244
1285,5.865948
1286,5.578783
1287,5.442079
1288,5.893855
1289,6.1527667
1290,5.9548464
1291,5.619813
1292,6.0827894
1293,5.8756886
1294,6.0533843
1295,6.0331826
1296,6.1434894
1297,6.068536
1298,6.0094385
1299,5.5487576
1300,5.209959
1301,4.901142
1302,5.792804
1303,5.7757616
1304,5.8299837
1305,5.5626626
1306,5.475231
1307,5.53394
1308,4.5914364
1309,5.4748964
1310,5.975798
1311,6.4600134
1312,6.4057097
1313,5.3436317
1314,6.356987
1315,5.921629
1316,5.103674
1317,5.043222
1318,3.8156161
1319,4.28732
1320,4.779657
1321,4.151572
1322,4.526913
1323,5.2561803
1324,5.130438
1325,5.124913
1326,5.069225
1327,5.17814
1328,5.181043
1329,5.5345736
1330,4.7969084
1331,5.0435634
1332,5.122907
1333,4.789839
1334,4.8227334
1335,4.570106
1336,6.407565
1337,6.380349
1338,6.0944767
1339,6.010998
1340,5.5861793
1341,5.4761667
1342,5.1929693
1343,4.49
1344,4.1521616
1345,5.922009
1346,6.4335694
1347,5.6139307
1348,6.0541873
1349,4.0977316
1350,5.655884
1351,3.8478732
1352,3.8308716
1353,3.3587208
1354,3.55211
1355,3.1204677
1356,2.6905973
1357,2.481919
1358,2.7166078
1359,2.3554525
1360,2.2921088
1361,2.8885422
1362,2.7339818
1363,3.0061252
1364,2.462381
1365,2.5156035
1366,2.3587162
1367,2.5188093
1368,2.1680791
1369,3.4145107
1370,2.6305895
1371,2.629326
1372,2.4594045
1373,1.2446733
1374,1.9565495
1375,2.3942862
1376,2.0138016
1377,1.9023507
1378,2.4864218
1379,2.003248
1380,2.2888887
1381,0.9810212
1382,1.3205886
1383,1.2405522
1384,1.6643782
1385,2.1720903
1386,1.2501516
1387,2.1587384
1388,2.1257942
1389,0.93410295
1390,2.4338195
1391,2.348916
1392,0.8733408
1393,1.9674432
1394,0.7369035
1395,1.0572472
1396,0.805147
1397,1.2649729
1398,2.69202
1399,1.712904
1400,0.8705383
1401,0.5719647
1402,0.66971844
1403,0.7320811
1404,0.71226865
1405,1.0741563
1406,1.0451839
1407,2.8312552
1408,2.1748676
1409,2.750148
1410,1.8996646
1411,1.7022655
1412,1.4781082
1413,0.8941851
1414,1.0697179
1415,1.8338234
1416,1.1396407
1417,0.8675825
1418,0.8434196
1419,0.7976918
1420,1.1906818
1421,0.9235596
1422,0.71077305
1423,0.5573071
1424,0.76312333
1425,0.5944871
1426,0.96989137
1427,0.56332195
1428,0.5388107
1429,0.4037515
1430,0.30195826
1431,0.501397
1432,0.4314894
1433,0.35879517
1434,0.37672004
1435,0.33507127
1436,0.3343767
1437,0.5998121
1438,0.31203884
1439,0.26420885
1440,0.27818382
1441,0.26675126
1442,0.2882232
1443,0.2689969
1444,0.2596653
1445,0.25836974
1446,0.085678935
1447,0.085678935
1448,0.085678935
1449,0.085678935
1450,0.085678935
1451,0.085678935
1452,0.085678935
1453,0.085678935
1454,0.085678935
1455,0.085678935
1456,0.085678935
1457,0.085678935
1458,0.085678935
1459,0.085678935
1460,0.085678935
1461,0.085678935
1462,0.085678935
1463,0.085678935
1464,0.085678935
1465,0.085678935
1466,0.085678935
1467,0.085678935
1468,0.085678935
1469,0.085678935
1470,0.085678935
1471,0.085678935
1472,0.085678935
1473,0.085678935
1474,0.085678935
1475,0.085678935
1476,0.085678935
1477,0.119716495
1478,0.15929785
1479,0.17465428
1480,0.13881326
1481,0.15774596
1482,0.15528607
1483,0.14778547
1484,0.14091137
1485,0.12875664
1486,0.17031363
1487,0.17540875
1488,0.1445455
1489,0.12866077
1490,0.13602449
1491,0.21242784
1492,0.17009488
1493,0.15952456
1494,0.19921403
1495,0.2481704
1496,0.295101
1497,0.24898568
1498,0.22831896
1499,0.20453233
1500,0.18428166
1501,0.1735022
1502,0.085678935
1503,0.085678935
1504,0.085678935
1505,0.085678935
1506,0.085678935
1507,0.085678935
1508,0.085678935
1509,0.085678935
1510,0.085678935
1511,0.16735893
1512,0.23963638
1513,0.33514112
1514,0.38931254
1515,0.45695102
1516,0.4051851
1517,0.47589043
1518,0.381507
1519,0.4550469
1520,0.40947872
1521,0.46424463
1522,0.4613269
1523,0.7289845
1524,0.5457369
1525,0.40685576
1526,0.2623548
1527,0.42346433
1528,0.5274186
1529,0.5238986
1530,0.6440966
1531,0.54642355
1532,0.45427513
1533,0.83397925
1534,0.6965191
1535,0.64733344
1536,0.8010963
1537,0.6004052
1538,0.47191986
1539,0.32306015
1540,0.46380013
1541,0.37511405
1542,0.3059839
1543,0.17501667
1544,0.15674749
1545,0.24784482
1546,0.39191097
1547,0.55254066
1548,0.76415837
1549,0.9724149
1550,1.0129406
1551,1.0929185
1552,0.9603721
1553,0.80676854
1554,1.0468364
1555,1.066348
1556,0.9690192
1557,1.0081937
1558,1.1891297
1559,1.6558385
1560,1.9850285
1561,1.8594075
1562,1.9054527
1563,1.8496147
1564,1.6207724
1565,1.876137
1566,1.6682211
1567,1.9138759
1568,1.969033
1569,2.569191
1570,2.2345371
1571,2.5190907
1572,3.3829918
1573,3.2091932
1574,3.2547834
1575,3.3717067
1576,3.4735336
1577,3.67603
1578,3.0526848
1579,3.8385458
1580,3.7773848
1581,4.1798115
1582,4.326006
1583,4.6871133
1584,4.8173018
1585,4.8562226
1586,4.9573083
1587,5.6827474
1588,6.140411
1589,6.513382
1590,6.764079
1591,6.9201484
1592,7.1663895
1593,7.7693477
1594,7.7362084
1595,8.39797
1596,8.615725
1597,7.559408
1598,7.8032694
1599,8.264448
1600,6.98176
1601,8.217964
1602,8.67644
1603,7.3736334
1604,7.6207213
1605,7.6006775
1606,8.292435
1607,8.460945
1608,8.7466
1609,8.788901
1610,8.940495
1611,8.753558
1612,8.696353
1613,9.007074
1614,8.697371
1615,8.248735
1616,9.0563755
1617,8.557185
1618,8.99288
1619,9.998902
1620,9.630606
1621,9.399087
1622,9.889673
1623,9.182879
1624,9.304294
1625,9.07715
1626,9.281163
1627,10.131198
1628,10.483986
1629,10.105985
1630,9.852829
1631,10.165472
1632,10.303097
1633,9.367836
1634,10.297097
1635,8.218577
1636,8.427541
1637,8.724873
1638,8.827273
1639,8.335875
1640,7.6974807
1641,7.533169
1642,8.368133
1643,8.590923
1644,8.693062
1645,8.733044
1646,8.671808
1647,8.4352255
1648,8.807816
1649,8.760647
1650,8.28848
1651,7.2759466
1652,7.1480274
1653,6.4372864
1654,6.708624
1655,7.3714905
1656,7.443778
1657,7.0468874
1658,7.1483393
1659,7.2259364
1660,7.4347463
1661,7.559449
1662,7.405252
1663,7.135107
1664,7.165435
1665,7.132123
1666,6.7688255
1667,7.1855755
1668,7.019139
1669,7.2509556
1670,7.076959
1671,7.008141
1672,7.1058416
1673,6.94942
1674,6.885868
1675,7.137569
1676,7.2026887
1677,7.0173173
1678,6.846525
1679,7.266483
1680,7.2444534
1681,7.0956526
1682,7.213575
1683,6.446089
1684,6.4874735
1685,6.6871734
1686,4.971115
1687,6.79684
1688,7.1682553
1689,6.8142514
1690,6.629123
1691,5.9628487
1692,6.4868584
1693,6.633483
1694,6.522356
1695,6.8677526
1696,6.55417
1697,6.386958
1698,6.3071957
1699,7.001072
1700,6.8398614
1701,7.0673122
1702,7.0559926
1703,5.553829
1704,5.5207834
1705,5.480958
1706,5.165352
1707,5.686495
1708,5.49817
1709,3.576082
1710,5.475831
1711,5.456444
1712,4.466423
1713,4.2828736
1714,3.2592657
1715,3.2497306
1716,3.3678455
1717,2.5671024
1718,3.1465826
1719,3.4365203
1720,3.3737807
1721,2.969641
1722,2.4666471
1723,2.0231686
1724,1.5640898
1725,1.6053188
1726,1.6179526
1727,0.93052244
1728,1.5268657
1729,1.6264336
1730,1.4008064
1731,1.385078
1732,1.1174607
1733,1.1831013
1734,1.1647558
1735,0.9115445
1736,1.2559589
1737,1.4264896
1738,1.276124
1739,1.3492255
1740,1.5336609
1741,0.94694287
1742,0.9144325
1743,0.73901904
1744,1.3271322
1745,1.3082438
1746,1.2139971
1747,1.1826649
1748,0.8022586
1749,1.7894694
1750,1.8582076
1751,1.599784
1752,1.4491322
1753,1.3671584
1754,0.7346206
1755,1.3262453
1756,0.9537345
1757,1.2295524
1758,0.84884346
1759,0.7861922
1760,0.49959517
1761,0.4551637
1762,0.8459834
1763,0.6777257
1764,0.96967185
1765,0.80478793
1766,1.0692987
1767,0.87589294
1768,1.324856
1769,0.7177022
1770,0.6922344
1771,0.9275683
1772,1.0326428
1773,1.0435519
1774,1.0323206
1775,0.6187224
1776,0.57503563
1777,0.79858774
1778,0.8798385
1779,0.45551196
1780,0.62478256
1781,0.4833322
1782,0.41881827
1783,0.5102043
1784,0.22318955
1785,0.45386204
1786,0.2995114
1787,0.20064728
1788,0.14427291
1789,0.09048153
1790,0.085678935
1791,0.085678935
1792,0.085678935
1793,0.085678935
1794,0.085678935
1795,0.085678935
1796,0.085678935
1797,0.085678935
1798,0.085678935
1799,0.085678935
1800,0.085678935
1801,0.085678935
1802,0.085678935
1803,0.085678935
1804,0.085678935
1805,0.085678935
1806,0.085678935
1807,0.085678935
1808,0.085678935
1809,0.085678935
1810,0.085678935
1811,0.085678935
1812,0.085678935
1813,0.085678935
1814,0.08571304
1815,0.091484874
1816,0.099313766
1817,0.10666147
1818,0.09507725
1819,0.085678935
1820,0.085678935
1821,0.085678935
1822,0.085678935
1823,0.085678935
1824,0.085678935
1825,0.085678935
1826,0.085678935
1827,0.085678935
1828,0.085678935
1829,0.085678935
1830,0.10597357
1831,0.14645782
1832,0.1520397
1833,0.20232399
1834,0.2535556
1835,0.2247806
1836,0.3658493
1837,0.2340579
1838,0.25072452
1839,0.24220791
1840,0.72632456
1841,0.65814596
1842,0.35973307
1843,0.44530627
1844,0.42687342
1845,1.0247171
1846,0.9981222
1847,0.5571792
1848,0.8338311
1849,1.1178688
1850,0.42514792
1851,0.5813178
1852,1.0000329
1853,0.627801
1854,0.53131664
1855,0.49364358
1856,0.54726505
1857,1.4304234
1858,0.6877765
1859,0.7542857
1860,0.6218885
1861,1.3531688
1862,2.0654821
1863,2.4001966
1864,2.7473173
1865,2.9792933
1866,2.0389922
1867,1.7221187
1868,1.238648
1869,1.7349919
1870,0.99590397
1871,0.74390715
1872,0.34132683
1873,0.44151953
1874,0.5369394
1875,0.56979895
1876,0.5737192
1877,1.3289069
1878,1.4103292
1879,2.0411577
1880,1.5375385
1881,1.5696476
1882,1.9789118
1883,1.5609897
1884,1.1509409
1885,1.7543873
1886,1.5525095
1887,1.7691
1888,1.573271
1889,0.98198813
1890,1.4873308
1891,1.9165353
1892,1.6739111
1893,2.1404543
1894,2.1745462
1895,2.1016636
1896,2.3284044
1897,1.9687487
1898,2.7120209
1899,1.7872148
1900,2.083231
1901,1.7181925
1902,1.7897258
1903,1.185938
1904,0.31454286
1905,0.19873181
1906,0.117500454
1907,0.100330666
1908,0.0930468
1909,0.115501314
1910,0.2903266
1911,0.40226802
1912,0.6746213
1913,0.7965407
1914,0.91914713
1915,0.6603957
1916,0.99234664
1917,1.6928275
1918,1.9479175
1919,1.8098242
1920,1.5712147
1921,1.4408545
1922,1.3392829
1923,1.4818742
1924,2.180056
1925,2.4931326
1926,1.912622
1927,1.6203178
1928,2.1406426
1929,2.7155855
1930,2.3792226
1931,2.1177197
1932,2.73887
1933,3.2230752
1934,3.390814
1935,2.9674215
1936,4.0363655
1937,4.1642923
1938,4.279242
1939,4.7377987
1940,4.767232
1941,4.6088214
1942,4.7712426
1943,5.3365192
1944,5.002921
1945,4.921757
1946,4.925128
1947,5.0994787
1948,4.6740456
1949,4.69922
1950,5.1405544
1951,5.3826942
1952,6.821548
1953,6.549658
1954,6.627631
1955,6.7836
1956,6.4955764
1957,7.003818
1958,6.981118
1959,7.0730677
1960,7.1775894
1961,6.92089
1962,7.442433
1963,8.016077
1964,7.6853824
1965,7.7694097
1966,7.3825345
1967,7.4713573
1968,7.8548174
1969,7.5228877
1970,7.502278
1971,8.03983
1972,7.811434
1973,7.5050373
1974,7.2075977
1975,7.504376
1976,7.309337
1977,6.990518
1978,5.9981
1979,6.105117
1980,6.560278
1981,6.175256
1982,5.7848253
1983,5.5472174
1984,5.3713474
1985,4.8958235
1986,4.454645
1987,4.2850676
1988,6.019559
1989,7.340744
1990,6.871408
1991,7.1399355
1992,6.7428093
1993,6.290804
1994,5.768626
1995,6.0892463
1996,5.893348
1997,5.132455
1998,5.921571
1999,5.5485306
2000,4.788725
2001,4.9671984
2002,4.86208
2003,4.1969423
2004,4.6984234
2005,4.5587873
2006,4.4888554
2007,4.359429
2008,4.086899
2009,4.7206354
2010,4.8182564
2011,4.570629
2012,4.6104083
2013,4.446943
2014,5.202508
2015,5.244103
2016,4.5806236
2017,6.0022902
2018,6.1449494
2019,5.921571
2020,5.540965
2021,4.2573133
2022,5.9128923
2023,5.038158
2024,5.634489
2025,6.3469353
2026,4.5191154
2027,6.656641
2028,6.816754
2029,6.123837
2030,5.7954645
2031,5.0467668
2032,4.588391
2033,4.386053
2034,5.0995502
2035,4.8586373
2036,4.4459662
2037,4.534491
2038,4.5628834
2039,4.6397424
2040,4.996112
2041,5.2200375
2042,4.949528
2043,4.6263776
2044,4.778161
2045,5.586503
2046,4.7827735
2047,5.537676
2048,4.2299967
2049,6.093069
2050,6.5792503
2051,4.0204115
2052,5.644537
2053,5.3727694
2054,4.4431252
2055,3.9508111
2056,2.8362586
2057,3.8632684
2058,3.07982
2059,5.560854
2060,6.7285905
2061,6.14686
2062,4.9469576
2063,6.3118944
2064,4.212676
2065,4.678332
2066,6.594157
2067,6.04499
2068,5.178687
2069,6.058388
2070,6.431599
2071,6.686387
2072,6.5937185
2073,5.4015207
2074,5.9619207
2075,5.0339117
2076,6.6334114
2077,5.39417
2078,5.1491055
2079,5.1285186
2080,5.353041
2081,4.934667
2082,3.3760142
2083,3.6430326
2084,3.6427958
2085,3.7573497
2086,3.3631618
2087,3.0181327
2088,2.7031698
2089,2.7844133
2090,1.2261915
2091,2.8554301
2092,4.2815666
2093,4.8733773
2094,4.463735
2095,4.0091767
2096,1.992491
2097,1.1957304
2098,1.7809727
2099,3.9736638
2100,4.122669
2101,3.8806424
2102,2.3737814
2103,3.07665
2104,3.2524602
2105,3.7942712
2106,3.2032938
2107,3.2192967
2108,2.7196417
2109,2.7341964
2110,2.4521174
2111,2.616228
2112,2.5765302
2113,2.5188417
2114,3.6625216
2115,3.4605587
2116,2.970007
2117,1.3286948
2118,1.3552608
2119,3.2686667
2120,2.8294103
2121,2.7007744
2122,2.825586
2123,2.4432905
2124,1.7834814
2125,3.272861
2126,3.1589055
2127,1.7557799
2128,2.3559268
2129,1.7734272
2130,2.0084515
2131,2.1584823
2132,2.120941
2133,1.964099
2134,2.0957792
2135,2.0174537
2136,1.7076819
2137,1.1186559
2138,1.2993448
2139,1.5746574
2140,1.3319428
2141,0.92458034
2142,0.75589824
2143,0.72019166
2144,1.8176591
2145,2.67929
2146,2.8703964
2147,1.242785
2148,1.4342564
2149,1.5573981
2150,1.2160423
2151,0.60042745
2152,0.42172754
2153,0.32357442
2154,0.7579513
2155,0.9558068
2156,0.967174
2157,0.23343718
2158,0.776408
2159,0.19606537
2160,0.09970284
2161,0.089090586
2162,0.0885011
2163,0.104324795
2164,0.10791885
2165,0.121111855
2166,0.12653577
2167,0.099412024
2168,0.103772126
2169,0.104981944
2170,0.0991846
2171,0.0926768
2172,0.09430378
2173,0.1038647
2174,0.09863204
2175,0.10775511
2176,0.19542907
2177,0.18097925
2178,0.2022959
2179,0.18220347
2180,0.32029438
2181,0.3025927
2182,0.19552171
2183,0.33130306
2184,0.36696926
2185,0.16015822
2186,0.09560643
2187,0.085678935
2188,0.085678935
2189,0.085678935
2190,0.7811973
2191,0.3583637
2192,0.6066497
2193,0.2214982
2194,0.2659911
2195,0.4332768
2196,0.75840575
2197,0.7024146
2198,0.67587155
2199,0.20626137
2200,0.15536824
2201,0.48603657
2202,1.1531059
2203,0.59844905
2204,0.40188283
2205,0.2613144
2206,0.52042615
2207,1.1631459
2208,1.3116553
2209,1.3450958
2210,0.25157118
2211,1.2903565
2212,1.3722949
2213,1.2876794
2214,1.4110196
2215,1.0117056
2216,1.3612986
2217,1.4968443
2218,1.5227147
2219,0.77350116
2220,0.6484851
2221,0.2010105
2222,0.266838
2223,0.16761024
2224,0.9009814
2225,0.974008
2226,0.9505611
2227,0.59769386
2228,0.6870251
2229,0.73119384
2230,0.6575343
2231,0.5293878
2232,0.82261306
2233,0.9480875
2234,0.95239216
2235,0.87495285
2236,0.90574086
2237,1.5213698
2238,1.5637558
2239,1.3665775
2240,0.45553043
2241,1.4477559
2242,1.7167346
2243,1.7969613
2244,1.8406336
2245,1.9293023
2246,1.0798539
2247,0.8196729
2248,1.0213972
2249,0.69978744
2250,2.0359035
2251,2.2724013
2252,1.9275146
2253,0.12085077
2254,0.13864791
2255,0.09715288
2256,0.1908993
2257,0.22840995
2258,0.10988258
2259,0.14333326
2260,0.29425704
2261,0.33902198
2262,0.34787568
2263,0.3539234
2264,0.294312
2265,0.30671975
2266,0.19822617
2267,0.1905919
2268,0.16528286
2269,0.253932
2270,0.097414
2271,0.26952714
2272,0.22091243
2273,0.1845971
2274,0.18425867
2275,0.19526841
2276,0.17074037
2277,0.27229226
2278,0.36114487
2279,0.35411456
2280,0.37626448
2281,0.46406206
2282,0.31973904
2283,0.4305115
2284,0.45185193
2285,0.5264096
2286,0.7578403
2287,0.82665336
2288,1.3677006
2289,1.5004433
2290,2.008608
2291,1.5817505
2292,1.0436227
2293,0.8056887
2294,0.74713355
2295,0.95030236
2296,0.5461888
2297,1.512372
2298,1.49346
2299,2.6163902
2300,2.1007063
2301,0.81294614
2302,3.0051851
2303,1.9911582
2304,3.4934373
2305,2.7627354
2306,3.1369262
2307,3.3602386
2308,1.8371761
2309,3.7254894
2310,3.8684797
2311,3.8359725
2312,4.1580486
2313,3.8812907
2314,3.319138
2315,4.835523
2316,3.8224976
2317,3.7911406
2318,5.5464935
2319,5.118492
2320,4.319933
2321,4.0794125
2322,3.121039
2323,5.0663548
2324,6.2218304
2325,6.6084185
2326,7.277218
2327,4.054981
2328,6.471527
2329,1.150423
2330,2.3705146
2331,6.282437
2332,6.8770556
2333,9.020666
2334,9.419018
2335,10.166843
2336,10.710001
2337,10.280455
2338,7.1220775
2339,4.830264
2340,9.546308
2341,9.683294
2342,6.103812
2343,7.3742924
2344,5.986515
2345,3.9496126
2346,8.199979
2347,7.242595
2348,5.747317
2349,6.7061257
2350,8.805314
2351,8.968262
2352,4.129095
2353,9.027822
2354,8.5409355
2355,10.534348
2356,10.264984
2357,6.1485715
2358,10.515973
2359,8.506081
2360,10.878437
2361,11.01247
2362,11.143583
2363,10.784051
2364,11.088609
2365,10.227997
2366,7.8941975
2367,9.924613
2368,9.274164
2369,8.7117195
2370,8.260514
2371,7.9507594
2372,9.094476
2373,10.626216
2374,10.5395355
2375,11.032654
2376,10.582194
2377,10.463032
2378,10.69082
2379,10.797262
2380,10.806843
2381,11.232677
2382,11.041604
2383,9.95648
2384,11.36709
2385,10.983991
2386,11.320755
2387,10.312488
2388,9.825977
2389,10.232671
2390,10.777168
2391,7.9592752
2392,7.1740966
2393,9.6617
2394,7.6008644
2395,11.17999
2396,10.798434
2397,4.9496727
2398,6.879343
2399,9.469059
2400,9.385023
2401,6.0273385
2402,8.549044
2403,9.164233
2404,10.343885
2405,10.467589
2406,10.171486
2407,10.088986
2408,9.989737
2409,9.00201
2410,10.021099
2411,9.889344
2412,9.754493
2413,9.78926
2414,9.769859
2415,9.739039
2416,8.904621
2417,8.198128
2418,8.202364
2419,8.133424
2420,8.447584
2421,7.8684764
2422,7.740301
2423,7.53069
2424,6.603678
2425,6.7091575
2426,6.3699074
2427,5.769319
2428,4.021781
2429,5.1097956
2430,5.1495466
2431,4.5831885
2432,4.1112976
2433,5.078597
2434,4.615909
2435,4.6806226
2436,4.666691
2437,4.3782287
2438,4.6552296
2439,4.0582542
2440,4.0857577
2441,4.2695675
2442,4.6345077
2443,4.197602
2444,2.1595995
2445,1.5364947
2446,3.160671
2447,4.2902923
2448,3.1958666
2449,7.438839
2450,7.276552
2451,0.93035215
2452,7.103247
2453,3.654649
2454,4.73973
2455,4.9460225
2456,4.6189733
2457,6.338755
2458,6.0731883
2459,4.2298803
2460,3.0877423
2461,4.3493967
2462,5.185846
2463,4.1367044
2464,4.6447206
2465,2.6161919
2466,1.3281524
2467,5.0029507
2468,3.7129645
2469,4.092125
2470,4.907346
2471,4.942414
2472,4.9333487
2473,4.6612253
2474,4.6061015
2475,4.844829
2476,4.299852
2477,3.586425
2478,2.9629917
2479,1.2490844
2480,2.94138
2481,2.7650008
2482,2.918384
2483,2.8319545
2484,2.861445
2485,1.5720785
2486,2.4950976
2487,1.4964874
2488,1.4672151
2489,1.5732408
2490,0.54653573
2491,0.23971707
2492,1.3535906
2493,1.3077621
2494,1.1828394
2495,3.0113153
2496,2.5941434
2497,0.80558425
2498,2.159825
2499,1.4545656
2500,1.5252738
2501,2.0523531
2502,2.1245866
2503,2.1901722
2504,2.1639442
2505,1.4991076
2506,0.38425177
2507,1.227643
2508,0.70152736
2509,0.42413247
2510,1.1885005
2511,1.6971244
2512,1.7326291
2513,1.8638916
2514,0.39945292
2515,0.8822775
2516,1.0042677
2517,0.26644462
2518,0.5695988
2519,0.89911395
2520,1.27308
2521,0.16481838
2522,0.58551884
2523,0.6273
2524,0.5692723
2525,0.6774986
2526,0.97036535
2527,0.6427565
2528,0.24607487
2529,0.7384483
2530,1.106361
2531,0.9902535
2532,1.0399835
2533,0.17778873
2534,0.12682633
2535,0.18917975
2536,0.81311655
2537,0.67237675
2538,0.16119915
2539,0.23551534
2540,0.67156845
2541,0.46696436
2542,0.66796684
2543,0.7104374
2544,0.7649733
2545,0.6791314
2546,0.726114
2547,0.5684835
2548,0.26645994
2549,0.2805797
2550,0.5860915
2551,0.27331492
2552,0.52361995
2553,0.62465
2554,0.70630246
