,site3
0,0.40437794
1,0.40460765
2,0.40561837
3,0.40809673
4,0.4088469
5,0.4054563
6,0.40261364
7,0.40231234
8,0.40230364
9,0.3790133
10,0.39129096
11,0.3909014
12,0.4002273
13,0.3907569
14,0.39000106
15,0.3786772
16,0.3905437
17,0.3692773
18,0.4053241
19,0.40984124
20,0.4089638
21,0.41349202
22,0.40818703
23,0.41427696
24,0.4148351
25,0.41690886
26,0.4185859
27,0.408269
28,0.41425365
29,0.41886437
30,0.4121734
31,0.39103448
32,0.416826
33,0.42004073
34,0.41480154
35,0.41236252
36,0.4137736
37,0.4175077
38,0.40868908
39,0.40495056
40,0.41155988
41,0.42858142
42,0.4531644
43,0.45583135
44,0.45524925
45,0.44554806
46,0.4374634
47,0.43866467
48,0.45104665
49,0.43917406
50,0.4206798
51,0.41640872
52,0.48144978
53,0.44971365
54,0.46879804
55,0.514736
56,0.46664077
57,0.44361484
58,0.47103304
59,0.45620131
60,0.44454056
61,0.4398061
62,0.43873745
63,0.45298648
64,0.4540621
65,0.44803506
66,0.44818127
67,0.43305242
68,0.41611558
69,0.45191216
70,0.43788618
71,0.43467182
72,0.44176793
73,0.4408071
74,0.46145028
75,0.48651022
76,0.47794044
77,0.50169384
78,0.52978957
79,0.5330402
80,0.54213643
81,0.51172936
82,0.5086413
83,0.53638273
84,0.485233
85,0.5051093
86,0.57991034
87,0.6046794
88,0.5111895
89,0.56336737
90,0.57651347
91,0.6445839
92,0.67072713
93,0.7013885
94,0.55601925
95,0.47107697
96,0.4205668
97,0.39531887
98,0.40753692
99,0.4840883
100,0.55313194
101,0.5958208
102,0.50835484
103,0.48917043
104,0.55588496
105,0.6578056
106,0.7441022
107,0.7448965
108,0.7326016
109,0.68328637
110,0.6707004
111,2.026792
112,2.4728205
113,2.563128
114,2.9761424
115,3.4101815
116,2.9248133
117,1.8022655
118,4.1248245
119,5.1705875
120,5.1705875
121,5.1705875
122,5.1705875
123,5.3697605
124,5.1705875
125,5.1705875
126,3.8476744
127,5.8565903
128,6.6203704
129,6.6944847
130,6.6944847
131,6.6944847
132,6.6944847
133,5.702455
134,5.1705875
135,5.097391
136,5.1705875
137,2.2500896
138,3.559039
139,5.163333
140,4.055608
141,5.1705875
142,5.527501
143,6.6944847
144,6.6944847
145,6.6944847
146,6.6944847
147,7.140494
148,7.446739
149,7.7192664
150,7.9364038
151,6.976845
152,6.6944847
153,7.607926
154,7.883691
155,7.6391864
156,7.2456245
157,7.9563737
158,7.3451247
159,3.562108
160,2.9743557
161,3.2807403
162,5.525621
163,6.6944847
164,6.6944847
165,5.1705875
166,6.6944847
167,5.1705875
168,2.8389401
169,6.6944847
170,5.805065
171,6.191428
172,6.6944847
173,5.1109624
174,5.1705875
175,7.408999
176,9.410105
177,9.440958
178,8.945446
179,6.6944847
180,8.4081135
181,8.210246
182,8.019003
183,7.640315
184,9.143532
185,8.248522
186,8.955927
187,7.465185
188,8.572777
189,7.1240544
190,8.102879
191,6.6944847
192,6.6944847
193,6.6944847
194,6.6944847
195,6.6944847
196,6.6944847
197,6.6944847
198,6.6944847
199,6.6944847
200,5.1705875
201,2.135411
202,2.3758879
203,6.6944847
204,6.6944847
205,6.6944847
206,6.6944847
207,8.947248
208,8.722355
209,9.287369
210,9.253101
211,8.987604
212,7.29543
213,9.099614
214,7.3918047
215,7.450738
216,8.80073
217,6.6944847
218,8.19809
219,2.637392
220,7.036897
221,7.6981378
222,6.6944847
223,5.1705875
224,2.5476103
225,5.163164
226,5.1705875
227,1.0408069
228,1.101642
229,2.5847316
230,4.3102436
231,2.6045
232,2.9188294
233,2.3220017
234,5.1705875
235,5.1705875
236,5.1705875
237,2.1588278
238,2.711248
239,2.2155745
240,5.7803435
241,6.6944847
242,6.6944847
243,5.918847
244,5.1705875
245,2.741515
246,5.7874928
247,5.1331244
248,5.7255335
249,6.6944847
250,6.6944847
251,5.1705875
252,6.6944847
253,5.1705875
254,4.855543
255,0.6524348
256,0.55526537
257,0.5219764
258,0.49604255
259,0.49932063
260,0.5116759
261,0.53376806
262,0.5206501
263,0.62730026
264,0.58415794
265,0.64931864
266,0.7031393
267,0.7021758
268,0.6313841
269,0.58007103
270,0.6002931
271,2.9162369
272,4.3995886
273,0.7310907
274,0.62791884
275,1.3088816
276,1.5523198
277,1.8469784
278,1.076565
279,3.0714865
280,3.0009756
281,1.5401716
282,2.1799593
283,0.6406442
284,2.7043293
285,2.075177
286,2.0480123
287,1.4100659
288,0.5105002
289,0.61331844
290,0.76185083
291,0.5742661
292,0.874511
293,0.42797184
294,0.6762273
295,0.8324119
296,0.4691733
297,0.8162005
298,0.4416241
299,0.6319108
300,0.7311497
301,0.62530416
302,0.5036657
303,0.35227913
304,0.45177108
305,0.5576224
306,0.51638424
307,0.539092
308,0.5833686
309,0.5667184
310,0.5329813
311,0.435376
312,0.39170557
313,0.42891884
314,0.42580926
315,0.4226917
316,0.4628424
317,0.4488582
318,0.39596796
319,0.44918603
320,0.47444832
321,0.41946763
322,0.4520768
323,0.4456721
324,0.42294616
325,0.4139421
326,0.40663475
327,0.40572935
328,0.4087428
329,0.40674347
330,0.40773016
331,0.40216613
332,0.4015944
333,0.3858418
334,0.33319902
335,0.36489594
336,0.355757
337,0.37392348
338,0.39793932
339,0.4001087
340,0.4008301
341,0.40177143
342,0.40220922
343,0.40358567
344,0.4034621
345,0.40266526
346,0.39462394
347,0.4012757
348,0.4028955
349,0.40266085
350,0.40220875
351,0.40225953
352,0.37367928
353,0.39255404
354,0.38742357
355,0.40205997
356,0.40218693
357,0.40260935
358,0.40448767
359,0.40637624
360,0.4110633
361,0.41274703
362,0.4120193
363,0.40670407
364,0.41246527
365,0.4485131
366,0.42692977
367,0.4395014
368,0.47942746
369,0.45374036
370,0.42135274
371,0.5189037
372,0.49762928
373,0.4302513
374,0.42279977
375,0.5295265
376,0.59265804
377,0.5727923
378,0.5005683
379,0.5644744
380,0.5293303
381,0.40200084
382,0.5407486
383,0.46249646
384,0.4948343
385,0.53014284
386,0.42716336
387,0.44957817
388,0.43803513
389,0.3712228
390,0.56382424
391,0.4849344
392,0.45350808
393,0.46004385
394,0.43973535
395,0.44166428
396,0.5545327
397,0.60265404
398,0.60437113
399,0.53811926
400,0.5478489
401,0.7660661
402,0.5253298
403,0.75997496
404,0.8538089
405,0.49010462
406,0.47014397
407,0.45088613
408,0.6929557
409,0.7346912
410,0.6007382
411,0.5546096
412,0.7656277
413,0.6570749
414,0.6958945
415,0.57489574
416,0.52261615
417,0.6152003
418,0.67200017
419,0.9328879
420,0.64024645
421,0.79880726
422,1.0830716
423,0.7192256
424,0.6638228
425,0.8913012
426,0.76805043
427,0.8356236
428,0.9291262
429,0.85491663
430,0.6248199
431,1.9675949
432,0.70466894
433,1.819564
434,1.3757102
435,1.4028137
436,0.60415846
437,0.6418574
438,0.91934204
439,1.9549137
440,0.87779886
441,1.3776349
442,1.2566679
443,1.1248401
444,0.7508296
445,0.8719959
446,1.3821281
447,0.86682606
448,1.3806493
449,1.8325465
450,2.1931238
451,2.1485782
452,0.9398803
453,1.5548238
454,1.4106628
455,2.9172294
456,0.97753483
457,0.90702665
458,2.0312457
459,1.4932201
460,1.4712372
461,1.954501
462,0.72900057
463,2.2493417
464,2.0508618
465,1.6879941
466,2.5996158
467,3.1618474
468,2.8051665
469,4.367149
470,3.09514
471,1.7147158
472,4.4435663
473,5.1705875
474,5.1705875
475,5.1705875
476,6.6944847
477,6.6944847
478,6.6944847
479,5.1705875
480,6.6944847
481,6.6944847
482,7.575247
483,5.1705875
484,7.8916206
485,5.1705875
486,8.578422
487,9.613351
488,9.7642145
489,9.4499855
490,8.71968
491,9.671553
492,12.708889
493,12.974023
494,11.423682
495,11.13291
496,15.980255
497,16.632902
498,13.960564
499,15.116512
500,17.505873
501,13.801165
502,14.308891
503,10.860856
504,13.444206
505,12.54208
506,14.495386
507,12.305362
508,14.266666
509,16.269081
510,5.1705875
511,12.327204
512,14.922251
513,15.686115
514,15.8455305
515,15.237203
516,15.101814
517,14.800262
518,15.807652
519,16.950916
520,16.715403
521,16.69379
522,12.57945
523,11.946905
524,15.560297
525,14.903588
526,15.615435
527,17.908009
528,16.403645
529,17.709156
530,16.783676
531,16.010838
532,16.503426
533,15.020317
534,12.555726
535,16.510283
536,16.449804
537,11.918793
538,12.473937
539,16.796494
540,8.785624
541,6.6944847
542,5.1705875
543,2.4439974
544,6.6944847
545,6.6944847
546,7.928903
547,11.565404
548,11.565404
549,11.565404
550,11.565404
551,8.015093
552,6.6944847
553,5.1705875
554,6.6944847
555,6.6944847
556,6.6944847
557,6.6944847
558,6.897997
559,6.6944847
560,6.6944847
561,6.6944847
562,6.6944847
563,6.013119
564,5.1705875
565,6.6944847
566,5.431339
567,6.9214144
568,5.1705875
569,6.6944847
570,7.9678497
571,6.8755183
572,8.801228
573,8.567378
574,9.359351
575,9.951691
576,9.849898
577,8.875283
578,9.585104
579,10.219445
580,6.6944847
581,8.191311
582,7.075832
583,10.6811495
584,9.781775
585,11.937986
586,4.7402277
587,11.947794
588,7.432698
589,11.135605
590,10.535679
591,10.926596
592,11.861017
593,13.36677
594,9.280125
595,10.369831
596,9.018347
597,11.114068
598,10.958814
599,2.361916
600,8.363135
601,7.4375134
602,6.6944847
603,3.0810914
604,9.077675
605,13.640686
606,13.207163
607,13.328374
608,10.362307
609,9.69249
610,8.545279
611,10.8578615
612,11.628429
613,10.135414
614,10.705177
615,9.465374
616,9.7835245
617,6.6944847
618,8.947667
619,8.694942
620,11.340009
621,10.137054
622,10.065172
623,6.7683716
624,8.247642
625,7.8270636
626,6.893939
627,8.128324
628,9.18357
629,3.764151
630,6.6944847
631,10.200302
632,10.677491
633,9.745636
634,10.403025
635,8.774197
636,5.1705875
637,2.5476518
638,0.87505627
639,2.2807908
640,2.0308957
641,2.6814973
642,0.62361586
643,3.3586533
644,2.8718972
645,2.766215
646,3.577828
647,2.067808
648,0.7806858
649,2.799029
650,2.3413713
651,3.0046327
652,0.71176755
653,2.153272
654,5.0823727
655,1.213882
656,4.5598817
657,4.671152
658,0.87773013
659,1.8709387
660,3.82903
661,0.64005595
662,3.2765405
663,0.49235493
664,1.0122864
665,1.9024878
666,2.0259526
667,0.4918282
668,0.9050715
669,0.5758739
670,0.597285
671,0.54556227
672,0.45943135
673,0.4500265
674,0.4490797
675,0.3908574
676,0.8046222
677,0.5062923
678,0.5395177
679,0.38628095
680,0.45202106
681,0.6596446
682,0.3802641
683,0.45160115
684,0.6261426
685,0.80610096
686,0.35776567
687,0.41971797
688,0.6064693
689,0.631009
690,0.5433114
691,0.50404626
692,0.52661335
693,0.4991061
694,0.4442609
695,0.43472332
696,0.44262904
697,0.3572772
698,0.41480082
699,0.43549752
700,0.31355178
701,0.4397325
702,0.43410587
703,0.45911133
704,0.49002796
705,0.5674217
706,0.51242226
707,0.3590644
708,0.5747403
709,0.54291284
710,0.47405773
711,0.45949137
712,0.46157044
713,0.435489
714,0.42516953
715,0.46423095
716,0.49443758
717,0.48575616
718,0.49905533
719,0.47008568
720,0.5288465
721,0.5239527
722,0.43814164
723,0.50593
724,0.5422762
725,0.46084547
726,0.50694925
727,0.47700638
728,0.43660963
729,0.4318748
730,0.87201774
731,1.1583552
732,0.9183793
733,1.2648288
734,0.74017584
735,1.1808885
736,0.94055283
737,1.1804962
738,1.0671852
739,0.9876394
740,0.88734424
741,1.2662132
742,1.8648223
743,1.1811088
744,1.044213
745,0.721154
746,0.5948576
747,0.3978216
748,0.3797921
749,0.46017778
750,0.52117884
751,0.67474806
752,0.689264
753,0.7679744
754,0.8258903
755,0.52134246
756,0.6999788
757,0.65578383
758,0.7140956
759,0.7262395
760,0.68921083
761,0.6885868
762,2.153953
763,1.7120808
764,1.3394364
765,0.65029377
766,0.8178035
767,0.91912746
768,1.6684921
769,2.1606746
770,2.2803183
771,2.3699398
772,2.2326486
773,1.647212
774,1.966024
775,2.2490902
776,2.2226403
777,1.286289
778,1.1309673
779,5.1705875
780,2.147139
781,1.0134838
782,5.1705875
783,6.6944847
784,5.7458596
785,6.6944847
786,3.036903
787,5.45548
788,5.221919
789,1.0746871
790,0.75742006
791,3.103351
792,6.6944847
793,5.1705875
794,6.6944847
795,6.6944847
796,6.6944847
797,6.6944847
798,6.6944847
799,5.1705875
800,3.125871
801,6.079417
802,5.1705875
803,6.6944847
804,5.1705875
805,2.2503607
806,6.6944847
807,6.6944847
808,6.6944847
809,2.1882315
810,2.4225245
811,2.9230635
812,1.6301079
813,2.3486896
814,3.092321
815,2.9272268
816,4.0618334
817,2.920604
818,4.747099
819,8.762884
820,8.739544
821,2.8552482
822,2.7150588
823,2.9732897
824,2.9785523
825,6.6944847
826,5.1705875
827,9.273417
828,8.4010105
829,8.062147
830,7.8908663
831,6.6944847
832,8.598824
833,7.937886
834,8.117765
835,5.7811623
836,8.6836
837,8.27578
838,3.7535367
839,6.6944847
840,8.054844
841,6.89911
842,4.560793
843,9.149198
844,7.9322405
845,8.204882
846,7.901878
847,7.8931937
848,7.909812
849,6.6944847
850,6.4930387
851,7.3350143
852,7.9170933
853,6.74325
854,6.6944847
855,7.2019463
856,8.453449
857,8.149964
858,7.9888134
859,7.905939
860,6.6944847
861,7.2493124
862,6.7034616
863,6.6944847
864,5.1705875
865,5.1705875
866,6.487693
867,5.1705875
868,1.806696
869,5.713246
870,4.135507
871,6.6944847
872,6.6944847
873,7.5561924
874,8.131733
875,6.6944847
876,6.6944847
877,6.6944847
878,6.6944847
879,5.761223
880,4.383159
881,5.1705875
882,4.808343
883,5.1705875
884,2.2671616
885,9.838161
886,8.528827
887,6.6944847
888,6.6944847
889,10.006244
890,11.565404
891,10.315625
892,11.565404
893,11.464859
894,9.884675
895,9.810724
896,11.297878
897,6.9019337
898,11.565404
899,11.565404
900,11.565404
901,11.565404
902,11.565404
903,11.565404
904,11.565404
905,9.385587
906,11.483242
907,9.724491
908,9.407632
909,8.237315
910,6.6944847
911,9.163596
912,8.691605
913,7.131565
914,1.9595137
915,6.6944847
916,12.487185
917,6.6944847
918,12.553075
919,11.818012
920,11.689518
921,10.758638
922,9.556779
923,10.148921
924,4.61792
925,6.6944847
926,8.729036
927,7.15921
928,9.674911
929,10.043054
930,10.285379
931,8.0048275
932,7.81207
933,1.8469824
934,2.8642023
935,6.6944847
936,9.249672
937,11.422267
938,10.9938135
939,10.635253
940,8.802536
941,8.318145
942,11.005785
943,10.947368
944,11.278101
945,11.168495
946,11.3460655
947,11.23985
948,11.326653
949,7.859805
950,5.1705875
951,11.890414
952,11.777674
953,8.634611
954,6.6944847
955,6.8171945
956,6.6944847
957,5.1705875
958,6.6944847
959,8.250168
960,7.898574
961,7.948439
962,7.840666
963,7.899957
964,6.289883
965,6.6944847
966,8.367504
967,7.916231
968,7.8894515
969,9.936583
970,8.349703
971,10.447497
972,11.207617
973,10.912642
974,10.821874
975,10.606239
976,10.364968
977,9.4439945
978,11.097883
979,8.930704
980,6.6944847
981,8.827005
982,9.180133
983,6.6944847
984,6.8368497
985,7.541139
986,6.6944847
987,0.98556453
988,2.4558568
989,4.72608
990,5.1705875
991,4.5790954
992,1.9209476
993,5.0180616
994,6.6944847
995,5.241127
996,5.1705875
997,3.928961
998,8.263537
999,10.114252
1000,11.054867
1001,8.037833
1002,5.6969547
1003,2.3210068
1004,4.53333
1005,2.1708941
1006,1.1977196
1007,6.6944847
1008,6.40724
1009,2.3905802
1010,6.6944847
1011,3.5624323
1012,4.15231
1013,6.6944847
1014,7.1901093
1015,6.6944847
1016,6.6944847
1017,5.1705875
1018,2.0523415
1019,3.0258555
1020,6.2344704
1021,5.7678366
1022,6.6944847
1023,6.0744853
1024,3.2740412
1025,1.2793521
1026,5.1705875
1027,2.6821141
1028,6.362576
1029,3.3108215
1030,1.3431312
1031,1.100045
1032,3.2784057
1033,2.3032556
1034,1.2736648
1035,4.791424
1036,3.1828947
1037,2.071438
1038,3.1456623
1039,1.6146326
1040,2.4781032
1041,2.2714443
1042,1.2913725
1043,1.4018881
1044,2.7792513
1045,1.4796802
1046,0.8703325
1047,0.8733256
1048,1.3325177
1049,0.83498347
1050,0.7722573
1051,0.905748
1052,0.81704533
1053,0.6014765
1054,0.7248249
1055,0.76005083
1056,0.7252395
1057,0.70429456
1058,0.7609234
1059,0.8242159
1060,0.767969
1061,0.8600342
1062,0.7898473
1063,0.7789452
1064,0.97459817
1065,1.6757106
1066,0.84778154
1067,1.4586413
1068,1.1968704
1069,0.8900197
1070,0.77058023
1071,0.7991791
1072,1.1777686
1073,0.8872756
1074,0.908882
1075,0.7111508
1076,1.0100899
1077,0.99348044
1078,0.8712442
1079,0.7108405
1080,0.7342952
1081,0.52382576
1082,0.5183931
1083,0.5556965
1084,0.55479753
1085,0.4427209
1086,0.50987184
1087,0.5699457
1088,0.52133834
1089,0.4555964
1090,0.48428327
1091,0.5714837
1092,0.75441676
1093,0.8585085
1094,0.88804597
1095,0.59089935
1096,0.58530736
1097,0.5728228
1098,0.5706064
1099,0.5583139
1100,0.5439965
1101,0.5673246
1102,0.57379895
1103,0.5948947
1104,0.5983255
1105,0.587958
1106,0.65024555
1107,0.6571932
1108,0.6702563
1109,0.6161054
1110,0.5645023
1111,0.49717546
1112,0.4510591
1113,0.4080984
1114,0.42435426
1115,0.4557857
1116,0.48454213
1117,0.4535175
1118,0.49961478
1119,0.45811665
1120,0.4126299
1121,0.46429092
1122,0.466963
1123,0.4627565
1124,0.48452574
1125,0.4767598
1126,0.9217644
1127,2.093966
1128,1.9882894
1129,2.0702114
1130,1.2901316
1131,1.3207773
1132,0.9714167
1133,1.1916895
1134,2.4221525
1135,1.551143
1136,0.89796674
1137,0.90859544
1138,0.8387792
1139,1.347425
1140,0.9434061
1141,0.7544074
1142,0.64629567
1143,0.6631843
1144,0.7935244
1145,0.78981394
1146,0.72380584
1147,1.6092529
1148,1.9636284
1149,1.740288
1150,1.1138778
1151,1.4591099
1152,1.968266
1153,1.1698906
1154,1.2493325
1155,1.4615796
1156,1.6736153
1157,1.8056283
1158,2.6622741
1159,1.8775034
1160,1.8521903
1161,2.2162051
1162,2.7991047
1163,3.3884242
1164,3.323513
1165,3.6911697
1166,3.0210118
1167,2.8165476
1168,3.9075747
1169,2.2598758
1170,3.0466478
1171,3.0357757
1172,2.4363017
1173,2.4200451
1174,2.0633361
1175,1.7076249
1176,1.1518961
1177,1.6246943
1178,1.4354541
1179,0.9375659
1180,1.3819
1181,1.7904246
1182,1.9741572
1183,2.3360898
1184,2.9639952
1185,3.7107139
1186,3.8204448
1187,3.9973202
1188,3.723431
1189,3.816372
1190,3.1407561
1191,2.601667
1192,3.1560802
1193,2.5127397
1194,2.1513581
1195,2.2996328
1196,3.0956116
1197,4.4367714
1198,4.306177
1199,3.0848844
1200,3.6028872
1201,3.2862973
1202,3.548595
1203,4.5786304
1204,4.1603985
1205,5.1705875
1206,5.1705875
1207,5.1705875
1208,5.1705875
1209,5.1705875
1210,5.1705875
1211,5.1705875
1212,5.1705875
1213,5.65767
1214,6.625293
1215,6.6944847
1216,6.6944847
1217,6.6944847
1218,6.6944847
1219,6.6944847
1220,6.6944847
1221,6.6944847
1222,6.2396035
1223,6.2932906
1224,6.625848
1225,6.6944847
1226,6.5992055
1227,6.6944847
1228,6.6944847
1229,6.6944847
1230,6.6944847
1231,6.6944847
1232,6.6944847
1233,6.6944847
1234,6.6944847
1235,6.585091
1236,6.3745413
1237,5.7134924
1238,6.6944847
1239,6.6944847
1240,6.6944847
1241,6.726946
1242,6.6944847
1243,6.6944847
1244,6.6944847
1245,6.6944847
1246,6.6944847
1247,6.6944847
1248,6.6944847
1249,6.6944847
1250,6.6944847
1251,6.6944847
1252,6.6944847
1253,6.1668396
1254,5.6718554
1255,5.1705875
1256,5.1705875
1257,5.1705875
1258,5.1705875
1259,5.868002
1260,5.1705875
1261,6.6944847
1262,6.6944847
1263,6.6944847
1264,6.6944847
1265,6.6944847
1266,6.6944847
1267,6.6944847
1268,6.6944847
1269,6.6944847
1270,6.6944847
1271,6.6944847
1272,6.5856304
1273,5.1705875
1274,6.6944847
1275,6.6944847
1276,6.6944847
1277,6.0642877
1278,5.1705875
1279,4.57774
1280,6.6944847
1281,6.6944847
1282,6.6944847
1283,6.6944847
1284,6.6944847
1285,6.6944847
1286,4.0061626
1287,4.987242
1288,4.766205
1289,5.1705875
1290,4.8003626
1291,4.227946
1292,5.1705875
1293,4.8945627
1294,5.1705875
1295,5.1705875
1296,5.1705875
1297,4.8661046
1298,5.1272316
1299,4.0753236
1300,4.5306153
1301,4.5011716
1302,6.6944847
1303,6.6944847
1304,6.6944847
1305,6.6944847
1306,6.6944847
1307,6.6944847
1308,6.6944847
1309,6.8857555
1310,7.1272907
1311,7.587149
1312,7.178188
1313,6.6944847
1314,7.371869
1315,7.024261
1316,6.6944847
1317,6.6944847
1318,5.1705875
1319,5.1705875
1320,5.1705875
1321,3.5544434
1322,5.1705875
1323,6.1332283
1324,5.1705875
1325,5.1705875
1326,6.3323374
1327,6.0959897
1328,5.1705875
1329,6.4369187
1330,5.1705875
1331,5.1705875
1332,6.0767
1333,5.577657
1334,6.6944847
1335,6.6944847
1336,7.3022017
1337,7.0932937
1338,6.77579
1339,7.3149576
1340,6.7002544
1341,6.8482046
1342,6.6944847
1343,6.6944847
1344,6.6944847
1345,6.8734655
1346,7.2405405
1347,6.6944847
1348,7.1629767
1349,6.6944847
1350,6.6944847
1351,5.1705875
1352,4.968665
1353,3.8690624
1354,4.042187
1355,3.2801442
1356,2.827023
1357,2.6311963
1358,3.019235
1359,2.808412
1360,2.3489838
1361,3.7179186
1362,3.1253006
1363,4.0209656
1364,3.115609
1365,3.1449687
1366,3.1393666
1367,3.4837832
1368,2.8931985
1369,5.1705875
1370,3.927814
1371,3.7520244
1372,3.1507635
1373,1.7918891
1374,2.6223328
1375,3.1880152
1376,2.864081
1377,2.7180872
1378,3.1252048
1379,2.8076894
1380,2.9181404
1381,1.2900012
1382,1.4872906
1383,1.3903307
1384,2.3835025
1385,2.854836
1386,1.5433307
1387,2.7181845
1388,2.73136
1389,1.3806256
1390,3.0899153
1391,3.0769742
1392,1.3824347
1393,2.4800782
1394,1.2146854
1395,1.6807243
1396,1.2073325
1397,1.7152979
1398,3.6738276
1399,2.2062933
1400,1.7175971
1401,1.3253529
1402,1.3351771
1403,1.4280233
1404,1.434712
1405,1.7620593
1406,1.7871826
1407,3.9134014
1408,2.9432673
1409,4.04743
1410,2.731429
1411,2.1196096
1412,1.8008636
1413,1.4457016
1414,1.0952091
1415,1.3584331
1416,0.9591726
1417,0.87800837
1418,0.7944992
1419,0.8170525
1420,1.0277894
1421,0.92398345
1422,0.8454912
1423,0.7843493
1424,0.80114067
1425,0.77734077
1426,0.82806057
1427,0.7566581
1428,0.7528839
1429,0.7042831
1430,0.6683649
1431,0.69298893
1432,0.69025344
1433,0.6741511
1434,0.6772905
1435,0.6758319
1436,0.6739151
1437,0.7243873
1438,0.67124146
1439,0.607025
1440,0.6292377
1441,0.6293033
1442,0.63322777
1443,0.6302457
1444,0.6265194
1445,0.59395236
1446,0.55842245
1447,0.5044575
1448,0.5027293
1449,0.516964
1450,0.50452733
1451,0.5058748
1452,0.47982162
1453,0.49685985
1454,0.49720818
1455,0.4969408
1456,0.49700934
1457,0.49734944
1458,0.49835062
1459,0.49896157
1460,0.72761184
1461,0.729823
1462,0.7257952
1463,0.71992546
1464,0.6969103
1465,0.6711024
1466,0.7115447
1467,0.711182
1468,0.70345867
1469,0.72320867
1470,0.70055157
1471,0.6870665
1472,0.683627
1473,0.7172198
1474,0.70686305
1475,0.7644706
1476,0.8024099
1477,0.7538704
1478,0.7820103
1479,0.8112588
1480,0.7044677
1481,0.75365305
1482,0.8237846
1483,0.79087627
1484,0.8111335
1485,0.6677761
1486,0.694715
1487,0.798547
1488,0.7286132
1489,0.6587012
1490,0.6475385
1491,0.6862645
1492,0.7510385
1493,0.7245016
1494,0.7497632
1495,0.66639507
1496,0.7399928
1497,0.8003902
1498,0.80181515
1499,0.8125301
1500,0.8228353
1501,0.83160496
1502,0.67999053
1503,0.5888494
1504,0.56381524
1505,0.7018303
1506,0.8137218
1507,0.91062903
1508,1.1153383
1509,1.2624015
1510,0.89812845
1511,0.9689255
1512,1.0948899
1513,1.6745802
1514,1.7973224
1515,1.968378
1516,1.2636725
1517,1.5033921
1518,0.8993192
1519,0.841933
1520,0.8293666
1521,0.77875423
1522,0.8991346
1523,1.545541
1524,1.7973619
1525,1.3038199
1526,0.74381983
1527,1.2989835
1528,2.210931
1529,1.420427
1530,0.92216253
1531,0.8648031
1532,0.648646
1533,1.3758366
1534,1.1797538
1535,0.81087273
1536,1.6510198
1537,1.503252
1538,0.9177512
1539,0.69177234
1540,0.8738935
1541,0.9747325
1542,1.3223814
1543,0.92294335
1544,0.7795013
1545,0.90200233
1546,2.0557723
1547,2.5005848
1548,2.9626784
1549,3.0566828
1550,2.2925916
1551,1.8441864
1552,1.4402425
1553,0.96447814
1554,1.9072018
1555,1.9339929
1556,1.5733824
1557,2.450817
1558,2.769186
1559,2.8742573
1560,2.8280244
1561,2.4451184
1562,2.9322405
1563,3.2044857
1564,2.1525915
1565,2.1616223
1566,2.335903
1567,2.9192429
1568,2.2259042
1569,3.6572409
1570,3.0474477
1571,1.964782
1572,3.2533007
1573,3.0071087
1574,3.0395372
1575,3.2245686
1576,4.4890575
1577,4.116129
1578,2.6211886
1579,5.1705875
1580,3.6842928
1581,5.0633197
1582,5.111785
1583,4.3200026
1584,5.1705875
1585,5.1705875
1586,6.436432
1587,6.6944847
1588,6.6944847
1589,6.6944847
1590,6.6944847
1591,6.6944847
1592,6.6944847
1593,6.6944847
1594,6.788006
1595,7.3534727
1596,6.928475
1597,6.6944847
1598,6.6944847
1599,6.6944847
1600,5.1705875
1601,6.620001
1602,6.6944847
1603,6.6944847
1604,6.6944847
1605,6.6944847
1606,7.2182946
1607,7.0408707
1608,7.7576375
1609,7.7312455
1610,7.9737215
1611,7.617073
1612,7.739855
1613,7.815591
1614,7.3619776
1615,7.1029515
1616,7.758913
1617,7.6831303
1618,8.835426
1619,10.048079
1620,11.565404
1621,6.470645
1622,7.740064
1623,9.1744175
1624,7.862914
1625,9.864992
1626,7.7393885
1627,3.3788414
1628,5.674241
1629,11.565404
1630,11.565404
1631,11.565404
1632,11.565404
1633,11.565404
1634,11.565404
1635,7.934526
1636,7.315599
1637,7.979526
1638,7.831747
1639,7.484286
1640,7.1710057
1641,7.527442
1642,7.9227676
1643,7.529746
1644,7.711458
1645,7.735238
1646,7.4865217
1647,7.4844203
1648,7.594029
1649,7.391958
1650,7.822771
1651,7.3410435
1652,6.6944847
1653,5.459212
1654,6.2821894
1655,6.6944847
1656,7.9397306
1657,6.6944847
1658,6.6944847
1659,6.6944847
1660,6.6944847
1661,6.6944847
1662,6.6944847
1663,6.6944847
1664,6.6944847
1665,6.6944847
1666,7.5519447
1667,7.857503
1668,6.994865
1669,6.8250475
1670,6.9376683
1671,6.6944847
1672,6.6944847
1673,7.0324655
1674,7.139368
1675,7.102191
1676,7.2190404
1677,7.0349846
1678,6.779238
1679,6.6944847
1680,7.0632563
1681,7.054388
1682,6.8770914
1683,6.6944847
1684,6.6944847
1685,6.6944847
1686,5.1705875
1687,6.6944847
1688,6.6944847
1689,6.6944847
1690,6.6944847
1691,6.6944847
1692,6.6944847
1693,6.6944847
1694,6.6944847
1695,6.6944847
1696,6.6944847
1697,6.6944847
1698,6.6944847
1699,7.1673155
1700,7.398324
1701,7.740819
1702,7.6927586
1703,6.6944847
1704,6.6944847
1705,6.6944847
1706,6.6944847
1707,6.6944847
1708,6.6944847
1709,5.1705875
1710,6.6944847
1711,6.6944847
1712,6.6944847
1713,6.6944847
1714,5.1705875
1715,5.1705875
1716,4.7458105
1717,3.0519614
1718,4.529196
1719,4.798256
1720,5.1705875
1721,4.627344
1722,3.2516696
1723,2.7538657
1724,2.0088077
1725,1.8107076
1726,2.1965387
1727,1.4400029
1728,1.7256935
1729,2.291257
1730,2.0966594
1731,1.4919215
1732,1.544899
1733,1.6670873
1734,1.4400505
1735,1.1861902
1736,1.6900771
1737,2.168538
1738,2.182153
1739,1.8189462
1740,2.2249804
1741,1.5089172
1742,1.444809
1743,1.314164
1744,1.5569032
1745,1.4855419
1746,1.7594899
1747,1.5550628
1748,0.964183
1749,1.9774563
1750,2.2358384
1751,1.8765041
1752,1.5499597
1753,1.4999976
1754,1.0168811
1755,1.5565135
1756,1.1867932
1757,1.2284528
1758,1.0130813
1759,0.9525207
1760,0.8454474
1761,0.8499495
1762,0.88798416
1763,0.9592538
1764,1.4278566
1765,1.3206599
1766,1.233803
1767,0.9606348
1768,1.2414602
1769,0.9240601
1770,0.8892702
1771,1.0206622
1772,1.3741558
1773,1.2867677
1774,1.3695164
1775,0.9544017
1776,0.85341537
1777,0.9737941
1778,1.2992088
1779,0.90110475
1780,0.9035678
1781,0.88213444
1782,0.8609776
1783,0.8986069
1784,0.63634926
1785,0.7880852
1786,0.7884847
1787,0.7255897
1788,0.69187886
1789,0.68730676
1790,0.69715416
1791,0.6899073
1792,0.7084992
1793,0.72424364
1794,0.69032365
1795,0.67563474
1796,0.6640723
1797,0.67146814
1798,0.646645
1799,0.64562
1800,0.6299134
1801,0.6379636
1802,0.62967616
1803,0.6018369
1804,0.5866407
1805,0.58482563
1806,0.581866
1807,0.59231925
1808,0.6098689
1809,0.627358
1810,0.5995373
1811,0.5967732
1812,0.59603804
1813,0.55954766
1814,0.42624366
1815,0.52799815
1816,0.6027626
1817,0.6721482
1818,0.61826503
1819,0.574916
1820,0.5487279
1821,0.5595789
1822,0.5667208
1823,0.55757564
1824,0.5520118
1825,0.40051055
1826,0.40070468
1827,0.40088242
1828,0.35317504
1829,0.3868215
1830,0.33567446
1831,0.40548855
1832,0.4082051
1833,0.43220562
1834,0.4330296
1835,0.43615156
1836,0.5054165
1837,0.4723106
1838,0.44301093
1839,0.42209256
1840,0.5632215
1841,0.55348146
1842,0.3947059
1843,0.44478542
1844,0.41444534
1845,0.6938318
1846,0.74759865
1847,0.6070155
1848,0.667781
1849,0.70192116
1850,0.55158556
1851,0.5823072
1852,0.7144383
1853,0.63820815
1854,0.59440106
1855,0.540055
1856,0.58649635
1857,0.8319593
1858,0.707983
1859,0.62725455
1860,0.56014687
1861,0.81189466
1862,1.6062554
1863,2.14232
1864,2.5969555
1865,2.8590822
1866,2.0754354
1867,1.3174083
1868,0.89808357
1869,0.98768306
1870,0.77667284
1871,0.63176185
1872,0.54068124
1873,0.567957
1874,0.6025322
1875,0.6187149
1876,0.60703915
1877,0.8194236
1878,0.89327794
1879,1.6672584
1880,1.038825
1881,1.0176344
1882,1.4647663
1883,0.89664066
1884,0.80197155
1885,1.1009098
1886,0.9852365
1887,1.0992098
1888,0.91241515
1889,0.758757
1890,0.88147414
1891,1.3129237
1892,1.1433796
1893,1.8240718
1894,2.0521908
1895,1.5332401
1896,2.2484787
1897,1.5143911
1898,2.5500708
1899,1.1614249
1900,1.6066344
1901,1.2768238
1902,1.2430472
1903,0.8759276
1904,0.50717247
1905,0.420583
1906,0.41653156
1907,0.4109525
1908,0.406744
1909,0.40664822
1910,0.40948153
1911,0.3773483
1912,0.39800292
1913,0.38384402
1914,0.39853287
1915,0.3679043
1916,0.36582798
1917,0.39585346
1918,0.4112451
1919,0.35715145
1920,0.4947549
1921,0.4587037
1922,0.501921
1923,0.4870249
1924,0.477171
1925,0.46889895
1926,0.52673316
1927,0.50964284
1928,0.47102022
1929,0.54928005
1930,0.5470362
1931,0.5288156
1932,0.53301656
1933,0.5549264
1934,0.5557829
1935,0.5544918
1936,4.7406673
1937,4.1475277
1938,3.893087
1939,5.1705875
1940,4.8876276
1941,4.3796225
1942,3.8147726
1943,5.1705875
1944,4.431161
1945,5.1705875
1946,5.1705875
1947,4.792179
1948,4.601919
1949,5.1242676
1950,4.8277884
1951,4.352803
1952,6.6944847
1953,6.6944847
1954,6.6944847
1955,6.6944847
1956,6.6944847
1957,6.6944847
1958,6.6944847
1959,6.9096155
1960,7.90775
1961,7.94029
1962,7.928514
1963,6.6944847
1964,6.821121
1965,7.052707
1966,6.7912316
1967,6.9164867
1968,7.564935
1969,7.4954796
1970,8.318764
1971,8.196533
1972,8.506018
1973,7.54599
1974,7.387512
1975,8.249039
1976,6.9629297
1977,7.1059337
1978,6.6944847
1979,6.8493385
1980,6.6944847
1981,6.6944847
1982,6.6944847
1983,6.6944847
1984,6.6944847
1985,6.6944847
1986,5.1705875
1987,5.1705875
1988,6.6944847
1989,7.890554
1990,6.6944847
1991,6.9772463
1992,6.6944847
1993,6.6944847
1994,6.6944847
1995,6.6944847
1996,6.6944847
1997,6.6944847
1998,6.6944847
1999,6.6944847
2000,4.7516346
2001,4.6045465
2002,4.5885916
2003,3.112484
2004,4.4152613
2005,4.2332525
2006,3.9159381
2007,3.5950954
2008,3.1086133
2009,5.1705875
2010,4.941917
2011,4.218104
2012,4.3394465
2013,4.3140116
2014,5.1705875
2015,5.1705875
2016,5.1705875
2017,6.6944847
2018,6.6944847
2019,6.6944847
2020,6.6944847
2021,5.1705875
2022,6.6944847
2023,6.1930256
2024,6.6944847
2025,7.9342914
2026,6.081076
2027,7.9071856
2028,6.6944847
2029,6.6944847
2030,6.6944847
2031,6.6944847
2032,6.1279697
2033,5.1705875
2034,5.1705875
2035,6.6944847
2036,5.592173
2037,5.1705875
2038,5.688205
2039,5.29716
2040,6.6944847
2041,6.6944847
2042,6.3701196
2043,6.018192
2044,5.9909687
2045,6.6944847
2046,6.5377865
2047,6.6944847
2048,6.6944847
2049,8.071712
2050,7.4214077
2051,6.6944847
2052,6.6944847
2053,6.6944847
2054,6.6944847
2055,6.6944847
2056,6.1849065
2057,6.6944847
2058,5.1705875
2059,6.6944847
2060,7.896982
2061,7.935459
2062,7.9536686
2063,7.921308
2064,7.945974
2065,7.9412937
2066,8.349915
2067,6.9434686
2068,6.6944847
2069,7.1050525
2070,8.133717
2071,7.916505
2072,7.2462854
2073,7.8881955
2074,7.9039655
2075,7.9241843
2076,7.487812
2077,6.7585797
2078,6.6944847
2079,6.6944847
2080,6.6944847
2081,6.6944847
2082,5.1705875
2083,5.1705875
2084,5.1705875
2085,5.1705875
2086,5.1705875
2087,4.9561105
2088,4.2539644
2089,4.7786174
2090,1.9426596
2091,5.1705875
2092,6.6944847
2093,6.6944847
2094,6.6944847
2095,5.1705875
2096,2.430315
2097,1.4228011
2098,2.279822
2099,5.1705875
2100,5.1705875
2101,5.7473955
2102,2.8659663
2103,5.1705875
2104,5.1705875
2105,5.1705875
2106,5.049266
2107,4.7052803
2108,3.486678
2109,3.2656944
2110,3.0287447
2111,3.0686498
2112,3.0552063
2113,3.0022569
2114,5.1705875
2115,5.1705875
2116,3.815676
2117,2.3734326
2118,1.9985454
2119,5.1705875
2120,3.5094883
2121,3.1536334
2122,4.2963657
2123,2.8233352
2124,2.4543183
2125,5.1705875
2126,3.6034355
2127,2.2126904
2128,0.7909856
2129,0.7108231
2130,0.75431967
2131,0.7148906
2132,0.7343865
2133,0.69415814
2134,0.70333034
2135,0.71195704
2136,0.72982216
2137,0.6789667
2138,0.6699081
2139,0.66717607
2140,0.6886384
2141,0.698632
2142,0.6928732
2143,0.64982957
2144,2.5739768
2145,3.1070614
2146,2.8190331
2147,2.0143476
2148,1.120304
2149,1.1857934
2150,0.93618697
2151,0.71804565
2152,0.61636525
2153,0.574347
2154,0.6832342
2155,0.76784664
2156,0.79191387
2157,0.5945936
2158,0.6776896
2159,0.56795067
2160,0.40333092
2161,0.43191606
2162,0.43114716
2163,0.36571294
2164,0.36696154
2165,0.39663327
2166,0.41081023
2167,0.40729338
2168,0.40667242
2169,0.40830874
2170,0.4068948
2171,0.40424567
2172,0.40426242
2173,0.40224487
2174,0.4068058
2175,0.40970016
2176,0.4253282
2177,0.39264697
2178,0.41866857
2179,0.39297414
2180,0.4460712
2181,0.45358157
2182,0.41980964
2183,0.48699135
2184,0.5170632
2185,0.45303094
2186,0.41016847
2187,0.40071368
2188,0.40052146
2189,0.4011888
2190,0.49843037
2191,0.4443696
2192,0.48299444
2193,0.330334
2194,0.371962
2195,0.44264472
2196,0.51109594
2197,0.48769003
2198,0.4822567
2199,0.37494153
2200,0.21865761
2201,0.46742737
2202,0.62982357
2203,0.48787612
2204,0.4243977
2205,0.25741994
2206,0.42977566
2207,0.5932623
2208,0.67821616
2209,0.6930269
2210,0.36642152
2211,0.6766378
2212,0.726291
2213,0.6810333
2214,0.729943
2215,0.5650773
2216,0.6919829
2217,0.76721483
2218,0.8032912
2219,0.513976
2220,0.49726748
2221,0.42889547
2222,0.4009744
2223,0.30342555
2224,0.5376564
2225,0.5331079
2226,0.55641854
2227,0.4773503
2228,0.5049118
2229,0.50952506
2230,0.4996543
2231,0.4748503
2232,0.51011723
2233,0.5412564
2234,0.5514932
2235,0.52907926
2236,0.52983266
2237,0.77248853
2238,0.8239602
2239,0.74234945
2240,0.41910005
2241,0.73743117
2242,0.8644727
2243,0.9061353
2244,0.9611373
2245,1.1094168
2246,0.66867465
2247,0.518789
2248,0.5892199
2249,0.5064216
2250,1.0191864
2251,1.5638186
2252,1.2181284
2253,0.39205748
2254,0.416165
2255,0.40813082
2256,0.42674994
2257,0.4374138
2258,0.41394538
2259,0.4194165
2260,0.31311482
2261,0.39773297
2262,0.4476385
2263,0.45379966
2264,0.4438969
2265,0.44889075
2266,0.43093246
2267,0.4178775
2268,0.42040765
2269,0.43905985
2270,0.40861344
2271,0.4026702
2272,0.43175012
2273,0.4337741
2274,0.43173683
2275,0.40124232
2276,0.33501583
2277,0.32050145
2278,0.40783477
2279,0.44284546
2280,0.45209897
2281,0.44459254
2282,0.4384578
2283,0.418105
2284,0.4264316
2285,0.46913344
2286,0.46197617
2287,0.31328487
2288,0.47545987
2289,0.47603863
2290,0.427024
2291,0.35771126
2292,0.49296302
2293,0.4939543
2294,0.45414066
2295,0.5060464
2296,0.30844307
2297,0.35381424
2298,0.4170931
2299,0.4905535
2300,0.4219705
2301,0.44126552
2302,2.0629482
2303,1.0251719
2304,2.6104965
2305,2.3456526
2306,2.464219
2307,2.7976973
2308,0.7641382
2309,2.5610967
2310,3.0332556
2311,3.184474
2312,3.156352
2313,2.7934484
2314,1.4596475
2315,3.323544
2316,3.038935
2317,3.0746014
2318,5.1705875
2319,5.1705875
2320,2.8414328
2321,1.7642529
2322,0.7035209
2323,1.9792832
2324,4.683341
2325,4.1575627
2326,4.92481
2327,1.6886812
2328,2.6889231
2329,0.45351833
2330,0.4254555
2331,3.0690255
2332,5.1705875
2333,7.913086
2334,8.450266
2335,8.514709
2336,8.671166
2337,8.532818
2338,6.6944847
2339,3.3496943
2340,7.816889
2341,8.338574
2342,5.1705875
2343,6.6944847
2344,5.6572027
2345,3.1704965
2346,6.6944847
2347,6.6944847
2348,5.1705875
2349,6.6944847
2350,7.856107
2351,8.330006
2352,4.9386973
2353,7.741068
2354,7.887146
2355,9.727287
2356,9.449296
2357,6.07524
2358,9.098387
2359,8.2114725
2360,9.781223
2361,10.073102
2362,9.966377
2363,10.117683
2364,10.38705
2365,9.57606
2366,7.509597
2367,8.736463
2368,8.391784
2369,7.9932537
2370,7.619376
2371,7.1155295
2372,8.000425
2373,9.49436
2374,9.519182
2375,10.40339
2376,10.094871
2377,9.321501
2378,9.804241
2379,9.658163
2380,9.77406
2381,10.818945
2382,10.272736
2383,8.903767
2384,10.588578
2385,10.668869
2386,10.813046
2387,10.012034
2388,9.549517
2389,10.283606
2390,10.842939
2391,7.920487
2392,6.89889
2393,8.83604
2394,7.4093184
2395,10.459389
2396,10.88352
2397,6.6944847
2398,7.20573
2399,9.622469
2400,9.735649
2401,6.7962804
2402,8.523972
2403,8.686992
2404,9.594051
2405,10.14736
2406,9.778683
2407,9.6506
2408,9.99923
2409,8.821214
2410,10.000059
2411,10.025257
2412,9.890514
2413,9.696464
2414,8.886927
2415,8.872864
2416,8.615378
2417,8.503097
2418,8.414539
2419,8.355219
2420,8.586091
2421,8.154881
2422,7.896029
2423,7.6756554
2424,6.97417
2425,6.9902983
2426,6.7079873
2427,6.6944847
2428,5.1705875
2429,6.196583
2430,6.4297276
2431,5.1705875
2432,5.1705875
2433,5.8337407
2434,5.1705875
2435,5.1705875
2436,5.1705875
2437,5.1705875
2438,5.1705875
2439,4.5889735
2440,5.1705875
2441,5.1705875
2442,5.1705875
2443,4.7045064
2444,2.1703572
2445,1.9169796
2446,3.7110624
2447,5.1705875
2448,4.5077057
2449,7.0920925
2450,7.5143766
2451,1.9384425
2452,6.6944847
2453,5.1705875
2454,5.1705875
2455,6.1053267
2456,5.1705875
2457,6.6944847
2458,6.6944847
2459,5.1705875
2460,4.3584023
2461,5.1705875
2462,6.4706144
2463,5.1705875
2464,5.1705875
2465,3.3447094
2466,1.8280375
2467,5.1705875
2468,5.1705875
2469,5.1705875
2470,5.689349
2471,5.907995
2472,5.877666
2473,5.1705875
2474,5.1705875
2475,5.1705875
2476,5.1705875
2477,3.4312727
2478,3.005376
2479,1.1341177
2480,2.9539986
2481,2.9303408
2482,2.9501858
2483,2.8553581
2484,2.795361
2485,1.2938037
2486,2.3694906
2487,1.351108
2488,1.3365817
2489,1.5036111
2490,0.4402669
2491,0.5469568
2492,0.8248509
2493,0.76921505
2494,0.5966865
2495,2.285683
2496,2.07227
2497,0.5198011
2498,1.5942876
2499,0.8388131
2500,0.81326705
2501,1.3079242
2502,1.480569
2503,1.5324795
2504,1.5596861
2505,0.85554075
2506,0.36134166
2507,0.6407957
2508,0.42184103
2509,0.321042
2510,0.63230515
2511,0.879189
2512,0.9114098
2513,1.0423973
2514,0.41704518
2515,0.51598907
2516,0.57000023
2517,0.4224044
2518,0.38270378
2519,0.53168523
2520,0.69772726
2521,0.18678069
2522,0.39818782
2523,0.4137507
2524,0.38315636
2525,0.444705
2526,0.5577819
2527,0.48604333
2528,0.26222825
2529,0.4415508
2530,0.6121683
2531,0.58026755
2532,0.60778457
2533,0.26150668
2534,0.21348679
2535,0.29810065
2536,0.48935324
2537,0.46930653
2538,0.2391268
2539,0.3291195
2540,0.45481908
2541,0.45341045
2542,0.49692357
2543,0.5115937
2544,0.5457862
2545,0.5461843
2546,0.54052275
2547,0.5104593
2548,0.4189191
2549,0.44031274
2550,0.5042296
2551,0.45371842
2552,0.48902643
2553,0.51880825
2554,0.54960144
